date,actual_return,xgb_reg_pred,actual_dir,xgb_cls_pred,xgb_cls_proba,ens_cls_pred,ens_cls_proba
2023-12-01,0.004561217014837027,0.0009926454,1,0,0.38384187,0,0.47085064685059613
2023-12-02,0.01718071369636931,0.0067025446,1,1,0.54480183,1,0.5395454361177715
2023-12-03,0.05310372492862214,0.0039896304,1,0,0.34137613,0,0.4418708596171093
2023-12-04,0.04613212902366648,0.008195826,1,1,0.54164964,1,0.5447737041362504
2023-12-05,0.005522984575637935,0.012777963,1,1,0.55502886,1,0.5452958577986391
2023-12-06,-0.013888157223666653,0.006858212,0,0,0.40961817,0,0.47459222037510207
2023-12-07,0.011655250556440677,0.008371688,1,1,0.5558377,1,0.5903671077619166
2023-12-08,0.0035748071358323585,0.012382132,1,1,0.49346593,1,0.5338221086258796
2023-12-09,-0.0037801201819167574,0.012937153,0,1,0.56639415,1,0.5580102486673275
2023-12-10,-0.06725718678292303,0.004455801,0,1,0.5534263,1,0.5694710531832556
2023-12-11,0.006906306328234635,0.0005728838,1,1,0.5738527,1,0.5860042469146549
2023-12-12,0.020627200379362165,0.0019447993,1,1,0.5917946,1,0.5558340790983951
2023-12-13,0.017577957154912838,-2.7029671e-05,1,0,0.3904184,0,0.43588835333131637
2023-12-14,-0.018147865984927236,-0.0022101977,0,1,0.50962204,1,0.5012794978357571
2023-12-15,0.007996446593571349,0.0034975514,1,1,0.68507534,1,0.6101779833811559
2023-12-16,-0.007307847627753716,0.0005698109,0,0,0.48069012,0,0.49591924776317725
2023-12-17,-0.012179545887455845,-0.0010157031,0,0,0.44666404,0,0.49237389215862054
2023-12-18,0.013792334700857722,-0.0054327957,1,0,0.46279114,1,0.5118133071230355
2023-12-19,0.045492918172428176,-0.0011333177,1,0,0.48987153,1,0.5071341001941835
2023-12-20,-0.013243717123510024,0.004540871,0,1,0.5926605,1,0.5460061606562674
2023-12-21,0.00920486610776372,-0.0007323602,1,1,0.6347455,1,0.6038579048552551
2023-12-22,-0.003941093798429662,0.0012867805,0,1,0.5298148,1,0.5402610053702533
2023-12-23,-0.00258265196635854,-0.0024592509,0,0,0.43625456,0,0.4953677012193302
2023-12-24,-0.0055535299700260055,0.0014669852,0,1,0.6142723,1,0.5872372939120936
2023-12-25,-0.03101331713546962,-0.0031870205,0,0,0.4891693,1,0.5318624472709532
2023-12-26,0.02519733452940187,-0.00022468473,1,1,0.5632646,1,0.5776231523721385
2023-12-27,-0.016570580800840062,-0.0017756517,0,1,0.5485352,1,0.5310276075146811
2023-12-28,-0.01019463622102812,-0.0035817565,0,1,0.5504531,1,0.5442166118940351
2023-12-29,0.008310198756678489,0.0018930401,1,1,0.60266185,1,0.5842334406888354
2023-12-30,0.005314408406817961,-0.0028293368,1,0,0.41757545,0,0.4562872127595582
2023-12-31,0.011217599175758153,-0.0024941354,1,0,0.38145214,0,0.4356314017016141
2024-01-01,0.04644622306577162,-0.000954347,1,0,0.2960511,0,0.3912055314393303
2024-01-02,-0.06647382928562173,0.0077348873,0,1,0.58811915,1,0.5585106782249414
2024-01-03,0.042364398393898384,-3.0224051e-05,1,1,0.60192984,1,0.5974115099086299
2024-01-04,-0.01067041587881512,0.005284077,0,1,0.57805717,1,0.5598262345732432
2024-01-05,0.009240628401196105,0.0010003429,1,1,0.57334745,1,0.5677374186244672
2024-01-06,0.0024271581287980126,-0.0004450712,1,1,0.5063321,1,0.5170230324204173
2024-01-07,0.06297543736441291,-0.0054711257,1,1,0.5238834,1,0.5172267766136645
2024-01-08,-0.007473557163374167,0.0104650045,0,1,0.60884976,1,0.5656601114735633
2024-01-09,-0.002317448411799816,0.001775634,0,1,0.59596133,1,0.5872257827169347
2024-01-10,0.0009233313590133463,0.0026995842,1,1,0.6417873,1,0.6299996163286248
2024-01-11,-0.07041656892176285,0.007832145,0,1,0.5979261,1,0.5890233897099361
2024-01-12,-0.014614377807699697,-0.0042611654,0,0,0.47802007,1,0.5196936187619736
2024-01-13,0.0020542516211374817,0.004224427,1,1,0.5998663,1,0.5771661845414404
2024-01-14,0.00225946684215117,0.00012375263,1,1,0.5701462,1,0.5176109205645201
2024-01-15,0.0006047636953958602,-0.0044031604,1,1,0.50654477,0,0.48968873948744074
2024-01-16,-0.010213590709374998,-0.0041410597,0,1,0.5319543,1,0.5008165201982755
2024-01-17,-0.026856199342841336,-0.0023199518,0,1,0.54955655,1,0.5405759451664387
2024-01-18,0.007716291696599598,0.002196472,1,1,0.6942452,1,0.6094141161099199
2024-01-19,-0.004295508326629616,-0.008485201,0,1,0.5028503,0,0.48957869506489615
2024-01-20,0.0020180671849931997,-0.0037965474,1,1,0.57773894,1,0.5321607479550772
2024-01-21,-0.03427735242955343,-0.004750926,0,1,0.5334492,0,0.4985500839931778
2024-01-22,-0.029822857765783084,-0.0018935453,0,1,0.6407205,1,0.5812655253224295
2024-01-23,0.017125226657553227,-0.0013532236,1,1,0.5980659,1,0.5664033450478418
2024-01-24,0.0017090584234367157,-0.007649027,1,0,0.4029135,0,0.4391650788102185
2024-01-25,0.056031936266080606,-0.0052223774,1,1,0.5020604,0,0.480099481635193
2024-01-26,-0.0076268930377558775,0.0004602253,0,0,0.44028503,0,0.45170990947467243
2024-01-27,0.004059028542235055,0.0027891598,1,1,0.5187765,1,0.5195715486634012
2024-01-28,0.024828017601203456,-0.0008203847,1,0,0.40452513,0,0.4609034092121756
2024-01-29,0.008102458846328986,-0.0038114032,1,0,0.39825422,0,0.4464480388359997
2024-01-30,0.0029468664847023263,-0.0011278726,1,0,0.4352051,0,0.4617002229983673
2024-01-31,-0.015335378945687594,5.291342e-05,0,0,0.47810704,0,0.48386278314967107
2024-02-01,0.0014695765366568025,-0.0026800572,1,0,0.47742254,1,0.5189574408245234
2024-02-02,0.003652908353529938,-0.002961609,1,0,0.47598645,1,0.500158631790185
2024-02-03,-0.006500716067156631,-0.0053832172,0,0,0.4387957,0,0.462216558791547
2024-02-04,-0.0023637629925481463,-0.0029597029,0,1,0.4948364,1,0.5090328387093839
2024-02-05,0.011601220336908469,-0.0018969089,1,1,0.49160132,1,0.514921815678882
2024-02-06,0.01034559520624967,-0.0057952474,1,0,0.3589874,0,0.4294688665548517
2024-02-07,0.03730130559457123,-0.002654557,1,0,0.3983843,0,0.4437037534934324
2024-02-08,0.0505311286956065,0.0023660578,1,1,0.5875719,1,0.5504844381159452
2024-02-09,-0.005832639215167745,0.0072844964,0,1,0.5298998,1,0.5272334086477548
2024-02-10,0.019697860033659254,0.0049049845,1,1,0.5812273,1,0.5846577344504644
2024-02-11,0.029581920410063134,0.0033148124,1,0,0.41718,0,0.4923779816585125
2024-02-12,-0.012521529824986999,0.00991683,0,1,0.49798647,1,0.5253123182280057
2024-02-13,0.04670782669751716,0.0087103825,1,1,0.6583537,1,0.6246216031237894
2024-02-14,0.010205156311128505,0.010136996,1,1,0.5777557,1,0.5673895373364366
2024-02-15,-0.000192315089634576,0.0046984246,0,1,0.5304953,1,0.5382428885403596
2024-02-16,-0.013847283843574587,0.011146383,0,1,0.6261326,1,0.6110637754573387
2024-02-17,0.010224859411943399,0.0025512227,1,1,0.52361536,1,0.5531663678989744
2024-02-18,0.002487011952904794,0.009024724,1,1,0.53062004,1,0.528554551915378
2024-02-19,-0.008275375918724848,0.0011726836,0,1,0.53003454,1,0.5152654753887904
2024-02-20,-0.012719859660336397,0.0016670394,0,1,0.612348,1,0.5843179902918033
2024-02-21,0.01647933543682356,-0.0019900347,1,1,0.5892849,1,0.5744286019850149
2024-02-22,-0.011790708028366126,0.00025771983,0,0,0.45280415,0,0.4813527498255365
2024-02-23,0.006535142207436451,-0.003365882,1,1,0.584371,1,0.56442232709107
2024-02-24,0.0026603248856638118,-0.0003957473,1,1,0.49946022,0,0.4991226148018312
2024-02-25,0.039507086269576774,-0.00032889465,1,1,0.5295047,1,0.5055410849513264
2024-02-26,0.06357219614523935,0.010754183,1,1,0.6256121,1,0.5568066516419066
2024-02-27,0.06735533214485478,0.0073037734,1,1,0.50166255,1,0.5047936368091646
2024-02-28,-0.006118634936601808,0.011139369,0,1,0.50422955,1,0.5194518182853195
2024-02-29,0.02577759531402357,0.006358077,1,0,0.47593093,1,0.5484416701938535
2024-03-01,-0.004628893796644107,0.0079271495,0,0,0.3329849,0,0.4528074729981092
2024-03-02,0.012312330821130146,0.000555418,1,0,0.35700852,0,0.465372310020712
2024-03-03,0.05916052082701739,0.0037085833,1,0,0.26684844,0,0.39930405458735324
2024-03-04,-0.04057329907653617,-0.0035605321,0,0,0.28405067,0,0.3984109857004512
2024-03-05,0.048297652640881594,0.006927638,1,1,0.55679303,1,0.5646640113158288
2024-03-06,0.007635605502729348,0.005352924,1,1,0.52887136,1,0.5318881620779752
2024-03-07,0.014749270424571748,0.0054501197,1,0,0.45189625,0,0.46907970536130505
2024-03-08,-0.004287971099614651,0.009927901,0,0,0.45840782,0,0.46463912312069516
2024-03-09,0.01610821737541457,0.0017395691,1,0,0.39612418,0,0.43978784630357015
2024-03-10,0.03554749433965121,0.00863624,1,0,0.33656645,0,0.39982992506900433
2024-03-11,-0.007915314458395883,0.012216297,0,0,0.48402637,0,0.4708410286873431
2024-03-12,0.02748820824987419,0.0047671185,1,1,0.53034854,1,0.5205480966094538
2024-03-13,-0.05784241880362728,0.007330432,0,0,0.42071456,0,0.44947284929842857
2024-03-14,-0.005321392067010322,-0.003959186,0,0,0.4701365,0,0.4678840393619976
2024-03-15,-0.030023888411600197,0.0064502084,0,1,0.577752,1,0.5402720355249113
2024-03-16,0.023550997312472788,0.0017192086,1,0,0.4558578,0,0.4559160769626959
2024-03-17,-0.02326716315934263,0.00012085431,0,0,0.42051867,0,0.4168308032739142
2024-03-18,-0.0389100817925474,-0.00059869065,0,0,0.45637643,0,0.44763194381098664
2024-03-19,0.021462260048011217,-0.00076252676,1,1,0.5663662,1,0.5255647492355859
2024-03-20,-0.008057667817443104,-0.003956407,0,0,0.433392,0,0.4330795302504747
2024-03-21,-0.021387297275390793,-0.010700265,0,0,0.35522774,0,0.39543756172322864
2024-03-22,0.015686474349662305,-0.0014318866,1,1,0.55687153,1,0.5109254425543451
2024-03-23,0.014578922579403297,-0.00405348,1,1,0.49961847,0,0.45127621009073104
2024-03-24,0.07596664529311781,-0.0069861505,1,0,0.37875745,0,0.40532642231842636
2024-03-25,-0.0225918689647564,-0.0024029312,0,1,0.5178279,0,0.48034884389014587
2024-03-26,-0.01247381277910975,0.004649723,0,1,0.5307829,1,0.5306821760031125
2024-03-27,0.03230297648394931,0.00051473896,1,1,0.506946,1,0.5243894807111089
2024-03-28,-0.01623622498677335,-0.002420341,0,0,0.308287,0,0.3945837198196709
2024-03-29,0.003437118498490932,-0.0016523795,1,1,0.51250887,1,0.5144771536228172
2024-03-30,0.01543511988375812,0.00013049354,1,1,0.6310839,1,0.5535992937237282
2024-03-31,-0.01877182165273794,-0.000994526,0,0,0.36318138,0,0.4129226309346322
2024-04-01,-0.054732071978390806,-0.0026491822,0,0,0.41350505,0,0.47097863768455706
2024-04-02,-0.002791772159795869,-0.000112892754,0,1,0.65384644,1,0.5951685706400037
2024-04-03,0.03994157789501607,-0.0003636526,1,1,0.49822113,1,0.5119270390692321
2024-04-04,-0.015833173607825657,-0.0016381223,0,0,0.40047228,0,0.4110557479484765
2024-04-05,0.01264552377242012,-0.0001598472,1,1,0.5575731,1,0.5201071750951409
2024-04-06,0.011633879277569648,-0.0009305953,1,1,0.5925121,1,0.5321169436345248
2024-04-07,0.037769816061757666,-0.0020742007,1,0,0.3543695,0,0.4001718657703677
2024-04-08,-0.03889959601970361,0.0066048303,0,0,0.4723502,0,0.4663040503745684
2024-04-09,0.015445099804988871,0.00079685095,1,1,0.553313,1,0.5353627716732299
2024-04-10,0.005890572224883428,0.0015161337,1,1,0.5308838,1,0.5061647222513226
2024-04-11,-0.052915616576600044,-0.0020856727,0,1,0.49486914,0,0.4775207199224209
2024-04-12,-0.029909168746142356,0.000262662,0,1,0.5577701,1,0.5493120999495166
2024-04-13,-0.010535219680074093,0.00050857716,0,1,0.538512,1,0.5356349951509982
2024-04-14,-0.013437542950013537,-0.013354674,0,0,0.4028479,0,0.4581783719437217
2024-04-15,-0.009739615711241711,-0.016498087,0,0,0.43352482,0,0.4821157776872665
2024-04-16,-0.02798006981772616,-0.011493337,0,0,0.4837761,1,0.5131318549347069
2024-04-17,0.04095050242563403,-0.007392719,1,1,0.51825756,1,0.538991231451438
2024-04-18,0.012291583591307997,-0.0065707113,1,1,0.49271286,0,0.4658070750131638
2024-04-19,0.008589057328842742,-0.006471211,1,0,0.3731226,0,0.4184717813859865
2024-04-20,-0.005268496299894565,-0.0091804555,0,0,0.31594092,0,0.3814750321257152
2024-04-21,0.030526590659155417,-0.0039414912,1,0,0.4591229,0,0.47478761571367556
2024-04-22,-0.0010523151903143457,-7.11013e-05,0,0,0.2737746,0,0.3875154439502704
2024-04-23,-0.03904685446145706,-0.0063098655,0,0,0.42101374,0,0.47658745511815515
2024-04-24,0.01195533762023615,-0.001685596,1,0,0.46676052,1,0.5114206947067097
2024-04-25,-0.015480522817684417,-0.0016730143,0,0,0.4295635,0,0.4663522964924788
2024-04-26,-0.006282050747191903,-0.0026349027,0,0,0.44732687,0,0.47858820753590053
2024-04-27,0.0065645233256912405,-0.0029152809,1,1,0.51172346,1,0.521798610553385
2024-04-28,-0.012091893057451841,-0.003135086,0,0,0.442398,0,0.45330515566591156
2024-04-29,-0.06251830774641576,-0.003928267,0,0,0.42906353,0,0.46410933283835265
2024-04-30,-0.0389042797071415,-0.015083205,0,0,0.34576055,0,0.43552567299747935
2024-05-01,0.042599893899812,1.1342476e-05,1,1,0.59870136,1,0.5616754805424851
2024-05-02,0.04500598992292382,-0.0014735755,1,0,0.4076509,0,0.4135367801382759
2024-05-03,0.02896361281190174,-0.0103623625,1,0,0.34157094,0,0.3842513700470104
2024-05-04,-0.000610257031025796,-0.0038803108,0,0,0.31726855,0,0.39058938232757245
2024-05-05,-0.010938014796010975,0.001174738,0,0,0.39642325,0,0.46085104595627774
2024-05-06,-0.001995882176892394,0.0030395717,0,0,0.4220318,0,0.48619079166873613
2024-05-07,-0.014582477043942887,0.0018781098,0,0,0.39643824,0,0.4701545906060536
2024-05-08,0.004622949579758284,-0.0026592785,1,0,0.35454875,0,0.44347530455048156
2024-05-09,-0.029530776626129907,-0.0029106056,0,0,0.38402605,0,0.42506898146041605
2024-05-10,0.008164517578336472,-0.0017890444,1,1,0.5184942,1,0.5229369882903232
2024-05-11,0.004440243672508615,-0.001966148,1,0,0.4149665,0,0.4545779126922378
2024-05-12,0.02858071359418446,-0.0044072047,1,0,0.37939224,0,0.4179619917108679
2024-05-13,-0.02589675957842985,-0.0039331177,0,0,0.29631662,0,0.3755739985526537
2024-05-14,0.07115755362591436,-0.001424805,1,0,0.46176594,0,0.4785662880783721
2024-05-15,-0.014307834416317888,0.0044061407,0,0,0.47154272,0,0.4862889268273771
2024-05-16,0.02908487494027412,-0.0025936626,1,0,0.45635143,0,0.48985741537018673
2024-05-17,-0.002193719680819939,-0.0016429385,0,0,0.32989952,0,0.4194092905881901
2024-05-18,-0.013294628392555907,-0.0011826663,0,0,0.45844764,0,0.48669441572826855
2024-05-19,0.05886688581215438,-0.0008372998,1,0,0.47935188,1,0.5055891371303538
2024-05-20,-0.011383905713271858,0.0029558071,0,0,0.4574428,0,0.4815109024940957
2024-05-21,0.004824908721438703,0.0019380479,1,0,0.44619554,0,0.49992001135590636
2024-05-22,-0.03635753339131931,0.0015015707,0,0,0.47650146,0,0.49975279441760395
2024-05-23,0.03018903361284231,-0.0015697902,1,0,0.447418,0,0.48561519182782664
2024-05-24,-0.00031810295236489594,0.00038748278,0,0,0.36587507,0,0.43249020381604864
2024-05-25,-0.004071967775995944,-0.0018410698,0,0,0.4518493,0,0.4615301774724141
2024-05-26,0.00462135478958281,0.00090040837,1,1,0.6021706,1,0.5555805133314683
2024-05-27,-0.012200682117780914,-0.00094306516,0,0,0.45407113,0,0.46078798645476865
2024-05-28,-0.01689441219624399,-0.0008842024,0,0,0.4770572,0,0.4909245419069013
2024-05-29,0.021215839150272586,-0.0038374278,1,1,0.5082038,1,0.5170598488172475
2024-05-30,-0.01562164725391213,-0.0037507524,0,0,0.4833006,0,0.46931717064178957
2024-05-31,0.00180364029321467,-0.004017784,1,1,0.5294763,1,0.5143635833964614
2024-06-01,0.0004577841849062736,-0.002220202,1,1,0.5925846,1,0.5254210226050691
2024-06-02,0.021225024252769842,-0.0028422894,1,1,0.57196546,1,0.5196353184440436
2024-06-03,0.018047928859095563,-0.0019299156,1,0,0.41477153,0,0.4421747619481974
2024-06-04,0.01182543943472325,-0.00048351387,1,0,0.4836392,0,0.46796348181817365
2024-06-05,-0.011640917948092522,-4.3275555e-05,0,0,0.42128024,0,0.44086174008813606
2024-06-06,-0.01762557530000919,0.0025096748,0,1,0.57691467,1,0.5534257976230317
2024-06-07,0.003273655786600216,0.000118335905,1,1,0.5899339,1,0.5767270058086662
2024-06-08,0.003535604016501992,-0.005689475,1,1,0.50196266,0,0.49287917154386507
2024-06-09,-0.0033340549674178988,-0.003039359,0,1,0.55282384,1,0.5049715142712659
2024-06-10,-0.03020591882992285,-0.0033868644,0,0,0.42471096,0,0.4701973474674676
2024-06-11,0.0017935895117684453,-0.0011947096,1,1,0.5026887,1,0.5198753089471677
2024-06-12,-0.014244298982152515,-0.0016253146,0,0,0.46114376,0,0.4743179928413265
2024-06-13,-0.016402872816762226,-0.0037924428,0,1,0.51456136,1,0.5049983466538468
2024-06-14,0.0096501641714557,-0.016017096,1,0,0.48292226,0,0.48410894507795155
2024-06-15,0.005730674708985362,-0.008945085,1,0,0.446702,0,0.4414418811654723
2024-06-16,0.002133061751230514,-0.0052914014,1,0,0.41791922,0,0.42417876314688124
2024-06-17,-0.03425243268559619,-0.004033884,0,0,0.42592758,0,0.4447735232437313
2024-06-18,0.0071022696129947605,-0.014075493,1,1,0.5168104,1,0.5076752586499998
2024-06-19,0.0020177911270664595,-0.007458187,1,0,0.44777337,0,0.45188337153123737
2024-06-20,-0.01215269889138959,-0.007986616,0,0,0.38980013,0,0.41931697015546865
2024-06-21,0.0010896977945566988,-0.0038459895,1,0,0.40318704,0,0.4505542434938725
2024-06-22,-0.002539278371504139,-0.0041496647,0,1,0.5193868,0,0.4869800883523397
2024-06-23,-0.07851395428371255,-0.005133642,0,1,0.54972464,1,0.5189744393683753
2024-06-24,0.04478988350913049,-0.013159287,1,0,0.32928133,0,0.4275933354359686
2024-06-25,-0.016740400207474693,-0.0023083128,0,0,0.4511149,0,0.4614631561723177
2024-06-26,0.0067526396398847055,0.0013684112,1,1,0.49907213,0,0.4810794605942042
2024-06-27,-0.023060764619774687,-0.009281452,0,0,0.3884807,0,0.4250828986507469
2024-06-28,0.0163737450071455,-0.006453194,1,1,0.55289453,1,0.5269303325241519
2024-06-29,0.015964667500691476,-0.0023482346,1,0,0.30637875,0,0.38624311234200615
2024-06-30,0.019821620828881947,-0.0054612793,1,0,0.3092503,0,0.3769965105078716
2024-07-01,-0.021599111803460858,-0.0014856046,0,0,0.32001778,0,0.39387021439825365
2024-07-02,-0.03622988043546371,-0.004316893,0,0,0.47120002,0,0.49048281202953786
2024-07-03,-0.023483382574960743,-0.0031617004,0,1,0.4908341,1,0.5117673650007055
2024-07-04,-0.03119613410922817,-0.001953616,0,1,0.6642778,1,0.6097883020373489
2024-07-05,0.02468526831651907,-0.015039617,1,0,0.4229097,0,0.47685668282738397
2024-07-06,-0.012555158227121055,-0.0073686605,0,0,0.34035873,0,0.3893103833333338
2024-07-07,-0.011598873357822725,-0.0074484586,0,0,0.39132598,0,0.42953435509510574
2024-07-08,0.023998493119103514,0.0029499289,1,1,0.551339,1,0.5421535463084575
2024-07-09,-0.008226071168872195,-0.0034889588,0,0,0.4312746,0,0.4515658606674064
2024-07-10,-0.000191706097712796,-0.00751721,0,1,0.5029898,0,0.4953792868190865
2024-07-11,0.004052849060801833,-0.002207574,1,1,0.53285885,1,0.5152300740544699
2024-07-12,0.01799463659074263,-0.0075210393,1,0,0.45112014,0,0.4544529102416291
2024-07-13,0.02173870334543082,-0.0031409254,1,0,0.27040166,0,0.3619120021597513
2024-07-14,0.05637030478791871,-0.005923278,1,0,0.3497461,0,0.4085527016073195
2024-07-15,0.027742410488956537,0.0048630047,1,0,0.44067156,0,0.47215041987998935
2024-07-16,-0.009678290315918048,-0.0006838959,0,0,0.29816204,0,0.39304063430215236
2024-07-17,-0.016708956952141918,-0.00037644152,0,0,0.36714056,0,0.47164229105672845
2024-07-18,0.05695718142195183,-0.0013764421,1,0,0.39377594,0,0.48075880903857576
2024-07-19,0.0005204964166072301,0.003320052,1,0,0.44113976,0,0.47700760254500096
2024-07-20,0.0029542557542345804,0.0023081219,1,0,0.42701182,0,0.456290813170038
2024-07-21,0.011393489155848258,0.00034757907,1,0,0.4554161,0,0.47294618260013793
2024-07-22,-0.04016087621735487,0.002570712,0,0,0.41342425,0,0.44485574830535857
2024-07-23,0.0009759222476652951,-0.0031010553,1,0,0.40795195,0,0.46812559536802867
2024-07-24,-0.01456966197691223,-0.0020183735,0,0,0.37597147,0,0.4245231858200278
2024-07-25,0.05052516053205203,-0.0029549769,1,1,0.49906024,0,0.48179589050067617
2024-07-26,0.003932680021227597,0.0032489907,1,1,0.49241093,0,0.46096952942824976
2024-07-27,-0.0025515455084104133,-0.0034401212,0,0,0.34019303,0,0.3874653353549058
2024-07-28,-0.012231845591411883,-0.0010801516,0,0,0.41860265,0,0.46650209908235046
2024-07-29,-0.02114986834089727,0.00073277904,0,1,0.5467013,1,0.5271778927016781
2024-07-30,-0.00957952320087152,-0.0035225812,0,1,0.53071237,1,0.521000947595982
2024-07-31,-0.028828415941685392,-0.007180041,0,0,0.46693513,0,0.4893118099797728
2024-08-01,-0.013308120817395519,-0.008032232,0,1,0.5122681,1,0.5154638988299571
2024-08-02,-0.03821020887299831,-0.00026416787,0,1,0.58971655,1,0.5727664729965167
2024-08-03,-0.016175025722761305,-0.015847253,0,0,0.3878096,0,0.46317035463834827
2024-08-04,-0.10223314300243835,-0.008695439,0,1,0.5291554,1,0.5419620527294405
2024-08-05,0.0601020543149513,-0.010473016,1,0,0.46662804,1,0.5211138505008546
2024-08-06,-0.03646937794931482,-0.002708314,0,1,0.50318336,0,0.45193687676181615
2024-08-07,0.08234093029932943,0.008501753,1,1,0.60263336,1,0.5164118762378513
2024-08-08,0.020573295531338687,-0.016550174,1,0,0.45007527,0,0.44558851664545496
2024-08-09,0.005340093694995218,-0.008828874,1,0,0.25178367,0,0.34716713725526027
2024-08-10,-0.023075269211886962,-0.0054618674,0,0,0.2937003,0,0.3790597491307464
2024-08-11,-0.009774095775577862,0.0003286934,0,1,0.54823875,1,0.5321829421504101
2024-08-12,0.0300267758512458,0.0019595234,1,0,0.47722676,1,0.50661081594917
2024-08-13,-0.03223068953618835,-0.01049501,0,0,0.3520007,0,0.4161546947200283
2024-08-14,-0.03225195897780253,-0.007199904,0,0,0.39707336,0,0.45458965490503556
2024-08-15,0.045302660159102004,-7.9971345e-05,1,1,0.5815561,1,0.5769770514257888
2024-08-16,-0.003725836748360578,-0.004751318,0,0,0.4122491,0,0.4444027156571665
2024-08-17,0.004111054442990536,-0.0034970667,1,0,0.38041118,0,0.4437819962714099
2024-08-18,-0.012536813679433934,-0.005216098,0,0,0.35262248,0,0.4081696787423764
2024-08-19,0.008425759236443398,-0.0008641108,1,0,0.4146222,0,0.4524149185462668
2024-08-20,0.035171909495891995,-0.0009632401,1,0,0.31405804,0,0.38985505788202124
2024-08-21,-0.02116324863548158,-0.006700127,0,0,0.3625459,0,0.40614606525946506
2024-08-22,0.05465347366871676,-0.0032302043,1,0,0.4041999,0,0.4587961047809341
2024-08-23,0.008488205845450736,0.0020092535,1,0,0.47487575,0,0.47441605919592633
2024-08-24,-0.0003580797622007026,-0.0024388277,0,0,0.33973914,0,0.40666694126039393
2024-08-25,-0.01401870134679406,0.0049928287,0,0,0.48927236,1,0.512900635995728
2024-08-26,-0.020210441862770878,-0.0013286053,0,0,0.34595016,0,0.4359564366557455
2024-08-27,-0.05227841122816024,-0.0052591725,0,0,0.3454455,0,0.4373598513978698
2024-08-28,0.005958645791597661,-0.0034764602,1,0,0.47096923,1,0.5082109941929877
2024-08-29,-0.009274947161740599,-0.0022471051,0,0,0.45364347,0,0.4549979850009045
2024-08-30,0.002602949776463248,-0.00017275629,1,1,0.52829313,1,0.5040243917297463
2024-08-31,-0.006118311758402939,-0.0058549433,0,0,0.434106,0,0.43675399742808485
2024-09-01,-0.0009064400617226909,-0.006384664,0,1,0.5311785,1,0.508739172384685
2024-09-02,-0.007264016829051201,-0.0067888913,0,0,0.41733846,0,0.4496651956000409
2024-09-03,0.00010340548747578282,-0.007097416,1,1,0.506321,0,0.4988837920837428
2024-09-04,-0.035146098767423695,-0.007157725,0,0,0.38496897,0,0.40988326027935573
2024-09-05,-0.04637977694841844,-0.0005870681,0,1,0.61244947,1,0.5360216220717592
2024-09-06,0.017257307395604826,-0.0018912087,1,1,0.5608891,1,0.5216468681950364
2024-09-07,-0.0013792471498224046,-0.0104156425,0,0,0.31485048,0,0.3746145020804944
2024-09-08,0.04959605068816941,-0.0015720634,1,0,0.4205825,0,0.4372928829944265
2024-09-09,0.015086230818365465,-0.0014774794,1,0,0.38841903,0,0.4287171300195669
2024-09-10,-0.0056567205286217614,0.0011697095,0,0,0.35399768,0,0.41021184813023986
2024-09-11,0.01268720044985372,-0.00061498076,1,0,0.35169116,0,0.44331571348911636
2024-09-12,0.03641352478036097,-0.00060937705,1,0,0.32669225,0,0.4040197141183719
2024-09-13,-0.008842347981563137,0.0012210108,0,0,0.3078829,0,0.39121369882618995
2024-09-14,-0.014806132392028104,-0.003363169,0,0,0.39606068,0,0.4467608237703761
2024-09-15,-0.015646890781658485,-0.0024538734,0,0,0.4012767,0,0.4666972113505437
2024-09-16,0.035505889452469575,-0.006998075,1,0,0.42142102,0,0.48512582818909666
2024-09-17,0.023609920903627568,-0.0029761936,1,0,0.36295283,0,0.4284365695701956
2024-09-18,0.018974562229082892,-0.0004528898,1,0,0.40223762,0,0.44653376577157655
2024-09-19,0.004296445004408511,-0.0023286631,1,0,0.40485138,0,0.4456481953472102
2024-09-20,0.0024175401859345413,0.00025511865,1,0,0.4038699,0,0.4320867592674936
2024-09-21,0.0031356632245884697,0.0037081111,1,0,0.42996356,0,0.43489367324292666
2024-09-22,-0.0037513441634526856,0.00056713866,0,0,0.29893962,0,0.35803631239498945
2024-09-23,0.014657157799973675,-0.0011215667,1,0,0.34148672,0,0.418606299451277
2024-09-24,-0.017472011957897493,0.0018268672,0,0,0.3124273,0,0.3943240098336798
2024-09-25,0.03161061808975063,-0.002922964,1,0,0.3897865,0,0.4457441704644083
2024-09-26,0.009255083014908294,-0.0003859367,1,0,0.40125123,0,0.4485490332948398
2024-09-27,0.0014431441774878095,-0.0008470566,1,0,0.377728,0,0.42325177682074067
2024-09-28,-0.0041832472756677674,0.0025159358,0,1,0.53068304,0,0.4926870848158219
2024-09-29,-0.03567401550867366,0.00033841102,0,1,0.5141069,1,0.5050285069309987
2024-09-30,-0.0402120103036836,-0.00049336324,0,0,0.4755822,0,0.48959088850098925
2024-10-01,-0.0028491220761885927,-0.001713154,0,1,0.49931726,1,0.5071269174390449
2024-10-02,0.001828982458956574,-0.0041576517,1,0,0.46356064,0,0.48690265132648736
2024-10-03,0.02175520968594391,-0.00628515,1,0,0.39694175,0,0.4138031014799731
2024-10-04,-0.0002899858249474363,-0.00504516,0,0,0.36569145,0,0.3969012209362548
2024-10-05,0.012027980397570914,-0.0023609118,1,1,0.50423265,0,0.4933919476531454
2024-10-06,-0.00963007138295957,-0.00524107,0,0,0.3017459,0,0.3808115353898952
2024-10-07,-0.0012706584201893634,-0.0049865763,0,0,0.4168534,0,0.453862252678295
2024-10-08,-0.025279429511885,-0.007672005,0,0,0.31712702,0,0.40600836405839
2024-10-09,-0.0050306245426945395,-0.007047188,0,1,0.49518383,0,0.49716038599176055
2024-10-10,0.035431066971730374,-0.0035287444,1,0,0.4441041,0,0.4846204231972141
2024-10-11,0.011811098257901165,-0.005864257,1,0,0.45924985,0,0.4693543285774641
2024-10-12,-0.005474335926464846,-0.00417986,0,0,0.29765332,0,0.3840621753037402
2024-10-13,0.04997976203108401,-0.0016827441,1,1,0.5018914,1,0.5114525916428296
2024-10-14,0.014887866904192748,0.0034504142,1,0,0.4147968,0,0.46770003770565816
2024-10-15,0.008330720944570658,0.002232805,1,0,0.37105304,0,0.4458509670480155
2024-10-16,-0.0034070573790483394,0.0018245609,0,0,0.40870133,0,0.4564658557554908
2024-10-17,0.01513886303794898,0.0021194858,1,1,0.4958296,1,0.5212430914613118
2024-10-18,-0.0008919498467481191,0.0010183358,0,0,0.2702657,0,0.39547322476140373
2024-10-19,0.009492682478340342,0.00061034516,1,0,0.3977666,0,0.4672500347922452
2024-10-20,-0.024511498448122282,0.005119935,0,1,0.50117356,1,0.5101250399829551
2024-10-21,0.0006235062033024263,-0.0008744483,1,0,0.4706158,0,0.49826008626523477
2024-10-22,-0.011658327487596765,-0.002527477,0,0,0.4357766,0,0.4628160966997486
2024-10-23,0.023064930574172138,-0.0026241688,1,0,0.45185876,0,0.4795727620700377
2024-10-24,-0.023410330377874544,-0.003004055,0,0,0.4350505,0,0.45354670356741783
2024-10-25,0.006363201863017309,-0.0020944919,1,1,0.5952099,1,0.5437962753043629
2024-10-26,0.013858130052007311,0.00015071119,1,1,0.6056908,1,0.5246043352815603
2024-10-27,0.028727602259223772,-0.0010325776,1,0,0.40094376,0,0.4180538949136128
2024-10-28,0.03941707776835024,-0.00094850356,1,0,0.4221113,0,0.4373303557609051
2024-10-29,-0.0054873982999996684,0.007913807,0,1,0.5011639,0,0.49781816112095834
2024-10-30,-0.029462997288742798,0.005718392,0,0,0.45886558,1,0.5040972493767581
2024-10-31,-0.010606951672551546,0.0003696101,0,0,0.45732313,1,0.5058154491086513
2024-11-01,-0.0023051443718369313,-0.0016611344,0,1,0.5075631,1,0.5303384603125785
2024-11-02,-0.008575537097094355,-0.003287122,0,0,0.33785453,0,0.43835976326426573
2024-11-03,-0.013474529420657078,-0.0037800435,0,1,0.56344664,1,0.5532331234554508
2024-11-04,0.02285747161942986,-0.0017615735,1,1,0.5976006,1,0.5852985101521384
2024-11-05,0.0862604633929056,-0.0058243526,1,0,0.4447674,0,0.46673273685909794
2024-11-06,0.0037477445256897113,0.005415063,1,1,0.5290542,1,0.5361720222451991
2024-11-07,0.008394482735715414,0.007002583,1,1,0.5089752,1,0.504458899989237
2024-11-08,0.0021006903466975757,0.001783137,1,0,0.3331792,0,0.4045302459246801
2024-11-09,0.04713657406800387,0.0060244366,1,0,0.38168183,0,0.40938519581343846
2024-11-10,0.09872368195513737,0.014418141,1,0,0.4247031,0,0.4379401137840405
2024-11-11,-0.008359729908217872,0.0076815234,0,0,0.40398958,0,0.4267449633260131
2024-11-12,0.027892842814674523,0.008515653,1,1,0.530426,1,0.5557053934535298
2024-11-13,-0.03585346969487446,-0.009232715,0,0,0.3230529,0,0.4415192444826555
2024-11-14,0.0419000432879173,-0.0041048382,1,1,0.52394545,1,0.5279346950612179
2024-11-15,-0.00508593220827791,0.012724924,0,1,0.61021036,1,0.5468082605317999
2024-11-16,-0.008278477369366044,0.0025673218,0,0,0.42747578,0,0.4308898405233258
2024-11-17,0.0072184065987173085,0.005978157,1,0,0.41240436,0,0.4401805935719756
2024-11-18,0.020904246579917185,0.0029841994,1,0,0.43803844,0,0.43686345149213063
2024-11-19,0.02086833011093603,0.0093686525,1,0,0.39104435,0,0.4111105860376214
2024-11-20,0.042303947182219304,0.007684196,1,0,0.48961475,0,0.45677634813184637
2024-11-21,0.005692192171215638,0.010432954,1,1,0.55189496,0,0.4520529771794666
2024-11-22,-0.012582234003509996,0.008664596,0,1,0.5317599,0,0.4426227482632761
2024-11-23,0.0023699840495226,0.004586023,1,1,0.53104377,0,0.4677147992861523
2024-11-24,-0.052063138251496,0.0014305001,0,0,0.43457174,0,0.42069614489249363
2024-11-25,-0.011970104484273492,-0.0034572394,0,0,0.4452847,0,0.4154535182227228
2024-11-26,0.04311333658314531,0.0010381374,1,1,0.52037257,0,0.4648069847432337
2024-11-27,-0.0033083066508137193,0.0007432081,0,0,0.4104215,0,0.39280968217443984
2024-11-28,0.019164755465871153,-0.0024881081,1,0,0.39181292,0,0.4068010748841252
2024-11-29,-0.01104402495288781,-0.0060834843,0,0,0.284375,0,0.34806281879737083
2024-11-30,0.008775065082534894,-0.0017613649,1,1,0.5679736,0,0.49525896629714156
2024-12-01,-0.014828125685934168,0.002295009,0,0,0.42373303,0,0.39929254074135767
2024-12-02,0.0006986990924815473,-0.00436697,1,0,0.46978,0,0.43576335214308803
2024-12-03,0.029247227164260536,-0.0023987128,1,0,0.4107847,0,0.4053094550206078
2024-12-04,-0.01752585327086109,-0.000118480006,0,0,0.442658,0,0.4169222894940078
2024-12-05,0.028851230650955628,-0.0009106259,1,1,0.49588025,1,0.5024883776889606
2024-12-06,0.0003102683846396559,-0.00020724241,1,0,0.4065325,0,0.44459605510188116
2024-12-07,0.012678347945222157,-0.001487026,1,0,0.40440366,0,0.4146544598227603
2024-12-08,-0.037614162759439296,0.0050402796,0,0,0.34650794,0,0.3887116710285826
2024-12-09,-0.008448606787244017,0.00014543894,0,1,0.5086883,0,0.47689414746554926
2024-12-10,0.04603312601020626,-0.0010264673,1,0,0.47188738,0,0.46985634460919395
2024-12-11,-0.011258683334620656,0.004695294,0,0,0.3774027,0,0.40266939260039614
2024-12-12,0.013568244360444126,-0.003153925,1,0,0.38623288,0,0.4290564019364259
2024-12-13,-0.0005226386467249711,0.0019764006,0,0,0.43138573,0,0.4465442311531567
2024-12-14,0.029592702095060375,9.350922e-05,1,0,0.44792813,0,0.4527445974075343
2024-12-15,0.015639273624989514,0.0015181267,1,0,0.27452603,0,0.37037508729387736
2024-12-16,0.0010741544422998572,0.0009367946,1,0,0.3025418,0,0.37266649633633747
2024-12-17,-0.0585026740383352,0.0027763038,0,0,0.3414488,0,0.38727769270901624
2024-12-18,-0.02812951253966922,-0.0005542288,0,1,0.53290737,0,0.4869721901184573
2024-12-19,0.003945991232372492,0.0022091737,1,1,0.5240909,1,0.5031091035049549
2024-12-20,-0.005631621635709294,-0.0021985946,0,0,0.45344028,0,0.4383873949560263
2024-12-21,-0.021975934951591114,-0.0065824795,0,0,0.3649509,0,0.3873390809063474
2024-12-22,-0.0036660948734486,-0.0021950053,0,1,0.51566255,0,0.4809760294279632
2024-12-23,0.03978884887183298,-0.006692515,1,1,0.553399,1,0.5072179754664009
2024-12-24,0.007859817196413488,-0.007234037,1,0,0.36930877,0,0.39712550837748906
2024-12-25,-0.03780806196944475,-0.0059254253,0,0,0.34527928,0,0.37049945089503333
2024-12-26,-0.016002026951158044,-0.0027580224,0,1,0.5571711,0,0.49087605005034096
2024-12-27,0.010258559012566337,8.726927e-05,1,1,0.6161132,1,0.5245766553636682
2024-12-28,-0.016768103905896226,-0.0056990404,0,0,0.32887882,0,0.37643018147406726
2024-12-29,-0.009979404461132546,-0.001678621,0,1,0.4907588,0,0.48153270762907074
2024-12-30,0.008096426660982203,-0.0023674925,1,1,0.5371364,1,0.5153743260466339
2024-12-31,0.010726048010427647,-0.008428977,1,0,0.3960898,0,0.42430559672300805
2025-01-01,0.02633780928253593,-0.0018399148,1,0,0.3048334,0,0.3817799307852035
2025-01-02,0.012571945732048562,-0.004930026,1,0,0.25992706,0,0.3577320556867568
2025-01-03,0.0007741594136323471,-0.0017913138,1,0,0.31691435,0,0.36417123680970165
2025-01-04,0.001200797962498612,0.0002059311,1,0,0.4086569,0,0.39739568486867316
2025-01-05,0.03941549160514235,-0.0038064602,1,0,0.30365005,0,0.35161378454250203
2025-01-06,-0.05356002796608372,0.005368066,0,0,0.3149914,0,0.37421692972536025
2025-01-07,-0.019593254295351414,-0.003637461,0,0,0.45474046,0,0.476794049373939
2025-01-08,-0.026898272640465848,0.00064725574,0,1,0.55826944,1,0.5424240224204531
2025-01-09,0.02307252377211988,0.0008395373,1,1,0.5937579,1,0.5554022873311462
2025-01-10,-0.0014159668451281249,-0.0037147666,0,0,0.38567093,0,0.42515898491646276
2025-01-11,-0.0007510644840404979,-0.00723584,0,0,0.40885606,0,0.4389696051803724
2025-01-12,8.465518888378654e-05,-0.004871286,1,0,0.3995312,0,0.43934495584217875
2025-01-13,0.021128578761997474,-0.0031649792,1,0,0.4360793,0,0.4413703285395627
2025-01-14,0.04049580144131859,-0.003856741,1,0,0.31482098,0,0.37581733377161686
2025-01-15,-0.005356968623352998,0.0012949198,0,0,0.3994873,0,0.42157998704566857
2025-01-16,0.04061432104463236,0.0003439446,1,0,0.4627103,0,0.4632303828883949
2025-01-17,0.0030399678178625322,0.0042290576,1,0,0.46135524,0,0.49236577239168666
2025-01-18,-0.031110140913808593,-0.0006583604,0,0,0.42480132,0,0.4566827088133265
2025-01-19,0.008889908973653604,-0.0017498068,1,0,0.4629672,1,0.505748238778722
2025-01-20,0.038489555818486565,0.002888836,1,0,0.45649058,0,0.4818506818280453
2025-01-21,-0.02399760503314674,0.00953884,0,0,0.42400637,0,0.454131544578357
2025-01-22,0.002900298325769768,-0.00232378,1,0,0.39706004,0,0.4495580585824058
2025-01-23,0.008831982616751333,0.004018684,1,1,0.5459537,1,0.5253102158155858
2025-01-24,-0.001116449615713222,-0.0014419331,0,0,0.3255796,0,0.38672491565337513
2025-01-25,-0.020887253557551944,-0.00076326303,0,0,0.44194865,0,0.44473494400656444
2025-01-26,-0.004719963028893659,-0.002421049,0,1,0.517743,0,0.4868114149922276
2025-01-27,-0.007847342391340106,-0.0019629227,0,1,0.50334626,0,0.48230827348493305
2025-01-28,0.02394780824050713,-0.007478784,1,0,0.41875452,0,0.43861923798424507
2025-01-29,0.00950675073727858,-0.004233483,1,0,0.37925184,0,0.40900338774880934
2025-01-30,-0.02245810052788144,-0.0030752395,0,0,0.43920517,0,0.4348749137738774
2025-01-31,-0.017473973298814727,-0.0037318543,0,1,0.5777818,1,0.5084660259834707
2025-02-01,-0.02988427899953905,-0.0028941757,0,1,0.67142963,1,0.5629766905824428
2025-02-02,0.03798942245747838,-0.007574574,1,0,0.46398532,0,0.45517319013811475
2025-02-03,-0.03685364588893236,-0.00023756441,0,1,0.49666157,0,0.45223423058058243
2025-02-04,-0.012057759255956313,-0.013992558,0,1,0.5030953,0,0.4539812562544708
2025-02-05,-0.0004244592091158239,-0.006022911,0,1,0.5005804,0,0.47511627221914987
2025-02-06,-0.0003935621568285086,-0.0067163925,0,0,0.46123832,0,0.46175167788499916
2025-02-07,-0.0006528260864886448,-0.003658522,0,0,0.38387385,0,0.4385783409660018
2025-02-08,5.182716677687438e-05,-0.0040959087,1,0,0.47485182,0,0.47465336416981846
2025-02-09,0.010229740761374728,-0.0057315757,1,0,0.38470346,0,0.3905799540593886
2025-02-10,-0.017751976084339205,-0.004886282,0,0,0.31643137,0,0.36486281423058536
2025-02-11,0.021980268904101763,-0.0039551705,1,0,0.4725369,0,0.46848894278464726
2025-02-12,-0.012904466278859772,-0.00404456,0,0,0.36590445,0,0.4236064590422838
2025-02-13,0.009199279902670554,-0.0061855935,1,0,0.4031935,0,0.42748965502070646
2025-02-14,0.0007277908793863475,-0.0027472563,1,0,0.33161002,0,0.39874675251618386
2025-02-15,-0.015063029031422204,-0.003516254,0,0,0.43874702,0,0.4407524789480337
2025-02-16,-0.0037518803391076716,-0.0005169608,0,0,0.47362596,0,0.47657054450265623
2025-02-17,-0.001672031489318826,-0.0009403116,0,1,0.51312137,1,0.5059667808284185
2025-02-18,0.010715094144043036,-0.004094428,1,0,0.48077354,0,0.49415364273986334
2025-02-19,0.017386925775520368,-0.0027258976,1,0,0.3302593,0,0.394638786716701
2025-02-20,-0.02268851050865983,-0.001940931,0,0,0.34065092,0,0.397553532776145
2025-02-21,0.0045769995264510754,-0.0012969658,1,0,0.46293,0,0.48762243133507016
2025-02-22,-0.003215203408661438,-0.0023584599,0,0,0.4202876,0,0.4297191636306257
2025-02-23,-0.05014467858359417,-0.003236489,0,0,0.3789319,0,0.42000134251718824
2025-02-24,-0.03306802158250299,-0.012502595,0,0,0.27107418,0,0.3618862991780892
2025-02-25,-0.05219926062915725,-0.0008611714,0,1,0.53768474,1,0.5055025318589178
2025-02-26,0.006733473369401111,-0.0028450505,1,1,0.53405803,1,0.5005893901334262
2025-02-27,-0.003764208990123308,-0.008540033,0,0,0.47630504,0,0.4387093880936985
2025-02-28,0.0200999992764217,-0.007499172,1,1,0.557264,0,0.49470830670868393
2025-03-01,0.09146388480574252,-0.0053570652,1,0,0.37171558,0,0.388651205917416
2025-03-02,-0.08998879553930195,-0.007465776,0,0,0.35554108,0,0.3988683563377856
2025-03-03,0.012456908485296125,-0.00011542751,1,1,0.6060027,1,0.5553341507208236
2025-03-04,0.03791267714909807,-0.0007245649,1,0,0.43819302,0,0.4560992781733091
2025-03-05,-0.0076774745773846576,-0.00028145133,0,0,0.38443923,0,0.3971664870618985
2025-03-06,-0.03576398406176473,-0.0016184339,0,0,0.40122697,0,0.45231775619952364
2025-03-07,-0.006556793905199143,0.005533275,0,1,0.5597924,1,0.549742900571995
2025-03-08,-0.06573966298574696,-0.0003466941,0,1,0.6694747,1,0.612538990326848
2025-03-09,-0.026962309862998524,-0.012361459,0,1,0.5210424,1,0.5410160561924647
2025-03-10,0.05338565460567324,-0.002261861,1,1,0.7128985,1,0.644574270211987
2025-03-11,0.009021678233311903,-0.0041683908,1,0,0.48760498,0,0.4740227264298731
2025-03-12,-0.03085873791845728,-0.010268715,0,0,0.4602476,0,0.42476743314380555
2025-03-13,0.03509514748839493,-0.005103661,1,1,0.5260723,1,0.524641214961713
2025-03-14,0.004420106767476284,-0.00674112,1,0,0.4794642,0,0.4807388394403123
2025-03-15,-0.02147450438203613,-0.0086171515,0,0,0.3771348,0,0.3953694618106999
2025-03-16,0.018042298880981633,-0.006376934,1,0,0.44466874,0,0.4563931600307184
2025-03-17,-0.01610607270579756,-0.005964214,0,0,0.33390552,0,0.39537228979260247
2025-03-18,0.04898876104002525,-0.006476221,1,1,0.5079021,0,0.4935868656271106
2025-03-19,-0.03169374065053532,-0.0032027266,0,0,0.33667344,0,0.422429961875323
2025-03-20,-0.0011532586776858977,-0.0041227466,0,0,0.38347754,0,0.4636060501447777
2025-03-21,-0.002835292933667688,-0.0020545619,0,0,0.4398901,0,0.47388121225418234
2025-03-22,0.02661613089822268,-0.0039544385,1,1,0.5219287,1,0.5030599897941154
2025-03-23,0.016452363082150256,-0.0033456672,1,0,0.23411092,0,0.3464015897409757
2025-03-24,-0.0008688296497325609,-0.0019142444,0,0,0.26671866,0,0.35371630956205535
2025-03-25,-0.005999478846757,-0.0016464704,0,0,0.34302565,0,0.4190846530222151
2025-03-26,0.0035145787676320595,-0.0032234734,1,0,0.3671277,0,0.441075081520307
2025-03-27,-0.03310364161222523,-0.0012711718,0,0,0.29037008,0,0.37151270739441644
2025-03-28,-0.021212027339112538,-0.005706113,0,0,0.37167156,0,0.42817519561655293
2025-03-29,-0.0030187878678340496,-0.0047752075,0,0,0.4262621,0,0.43668256066510774
2025-03-30,0.0021710530853731314,-0.0057911864,1,1,0.53829855,1,0.5056231191277263
2025-03-31,0.03139046579815563,-0.00349933,1,0,0.4261553,0,0.4330455822138294
2025-04-01,-0.03182672368195405,-0.0020990088,0,0,0.33147115,0,0.38540142464869814
2025-04-02,0.007607170485792736,0.000512663,1,0,0.4703113,0,0.47838653740009873
2025-04-03,0.008611708299714138,-0.006513296,1,0,0.37046298,0,0.4045604647015284
2025-04-04,-0.004110953578136289,-0.0063844696,0,0,0.30519632,0,0.3611371004977046
2025-04-05,-0.063846603024448,-0.0039481143,0,0,0.29007155,0,0.3680705235200349
2025-04-06,0.009970298952234558,-0.016337177,1,0,0.3612701,0,0.4060772249041986
2025-04-07,-0.03711543273936613,-0.0011756825,0,0,0.45714182,0,0.4495306464524803
2025-04-08,0.08001042214027798,-0.014100313,1,0,0.34253794,0,0.3958445637401351
2025-04-09,-0.03765139006680762,-0.000808663,0,0,0.48209813,0,0.47556486844702883
2025-04-10,0.04715868849672589,0.0027845565,1,1,0.5919854,1,0.5322392777376679
2025-04-11,0.022413157032584508,-0.0054386673,1,0,0.3704048,0,0.412194430825977
2025-04-12,-0.018487265074927706,-0.004615791,0,0,0.27589196,0,0.3575738249775883
2025-04-13,0.010350964398744722,-0.0018370538,1,0,0.37295094,0,0.4327633849512934
2025-04-14,-0.010661601326415138,-0.0011913183,0,0,0.39740652,0,0.42176265975411176
2025-04-15,0.004292568535332109,-0.0011894341,1,0,0.36949143,0,0.41506196843106713
2025-04-16,0.010745665528547832,-0.00548176,1,0,0.2599558,0,0.3657626968922979
2025-04-17,-0.005737169116892815,-0.0064167576,0,0,0.24921806,0,0.34515492340682696
2025-04-18,0.007089927479434266,-0.0029105872,1,0,0.36664203,0,0.43301537037230525
2025-04-19,0.0015152674879139738,-0.0046970295,1,0,0.3690033,0,0.39650530125878636
2025-04-20,0.02671797520677721,-0.003672792,1,0,0.332322,0,0.3831057209211448
2025-04-21,0.06606227250071406,-0.0011063818,1,0,0.31120282,0,0.36819222252275985
2025-04-22,0.0026601016695586566,-0.0012860311,1,1,0.49687138,0,0.463429489389322
2025-04-23,0.002982850832065509,0.0012623538,1,0,0.4539109,0,0.4466308200154214
2025-04-24,0.00758735413364775,0.0016848387,1,0,0.3642993,0,0.38825925214037277
2025-04-25,-0.0006758612207349302,0.0034834899,0,0,0.3433087,0,0.3749936116479475
2025-04-26,-0.009478341520299693,0.00040055177,0,0,0.41085535,0,0.4469447030662767
2025-04-27,0.013474066461430567,-0.0002975272,1,1,0.5117604,0,0.49542978767650103
2025-04-28,-0.007986267265616576,0.0016074396,0,0,0.35356325,0,0.40559721646900493
2025-04-29,-0.0011036474542507335,-0.005098288,0,0,0.3615729,0,0.416047823927311
2025-04-30,0.024687174163144476,-0.0016712503,1,0,0.4285127,0,0.4646136888284823
2025-05-01,0.004031846669212413,0.0013091819,1,0,0.34141025,0,0.4002482377394863
2025-05-02,-0.01046467512511029,0.0010435411,0,0,0.36513096,0,0.3805519628676627
2025-05-03,-0.016821961923080053,-0.0011457447,0,0,0.3910746,0,0.41199657010537827
2025-05-04,0.004327110395863087,0.0009813049,1,0,0.43691185,0,0.4346026507973516
2025-05-05,0.02181365501940391,-0.0031010283,1,0,0.389239,0,0.3929915006764151
2025-05-06,0.0024759127097091493,-0.002443785,1,0,0.32841992,0,0.36360367207973465
2025-05-07,0.06199223906290996,-0.0027839898,1,1,0.4936702,0,0.45262480333930166
2025-05-08,-0.0026181579255641907,0.0039916695,0,0,0.4539772,0,0.4485862451332556
2025-05-09,0.017498040291121342,0.0037880063,1,0,0.394123,0,0.4521168116091275
2025-05-10,-0.006509130946943387,0.0007662698,0,0,0.32562605,0,0.40779445369073664
2025-05-11,-0.012884073357106729,0.0018998438,0,0,0.33493486,0,0.4071497030627369
2025-05-12,0.012941692532784543,0.0040164115,1,0,0.44786116,0,0.4738662646457684
2025-05-13,-0.0058170495235785324,0.003484437,0,0,0.3739048,0,0.4140805122500322
2025-05-14,0.002527446310809367,-0.0019717205,1,0,0.39452392,0,0.44236781517732904
2025-05-15,-0.0027689490385487403,-0.00079605664,0,0,0.4065959,0,0.4407269075759116
2025-05-16,-0.0034162590868689335,-0.0030629933,0,0,0.37140268,0,0.4256010202731401
2025-05-17,0.03211943799293948,-0.0040252325,1,0,0.45878497,0,0.47368721140621617
2025-05-18,-0.008466078038612324,0.0037811527,0,0,0.28144988,0,0.34935834184872144
2025-05-19,0.01160609233503429,0.0013219976,1,0,0.43081743,0,0.44633854283555696
2025-05-20,0.026112494710712753,0.007415264,1,0,0.46632123,0,0.4493786312755794
2025-05-21,0.018616321757827237,0.0071334597,1,0,0.3703598,0,0.4122835178480599
2025-05-22,-0.04030270832020122,0.011196702,0,0,0.38816106,0,0.41821754876607564
2025-05-23,0.004369498603528754,-0.0009691446,1,1,0.5085843,0,0.4856209178073161
2025-05-24,0.011703158930611579,0.0002908556,1,0,0.4581937,0,0.44251476261657097
2025-05-25,0.0036607281793177293,-0.004017254,1,0,0.22988209,0,0.3201172674194578
2025-05-26,-0.0044678899489980495,-0.0019890051,0,0,0.3207268,0,0.3663907280768261
2025-05-27,-0.01078468506953989,-0.0012698494,0,0,0.42186347,0,0.45306407589032005
2025-05-28,-0.020929677850988426,-0.001708901,0,0,0.3777523,0,0.41998878175766285
2025-05-29,-0.014732247443834723,-0.0032043648,0,1,0.4967647,0,0.48710963171529975
2025-05-30,0.005865456723995521,-0.004905194,1,0,0.41408882,0,0.44116465187314485
2025-05-31,0.01006896993250983,-0.00819978,1,0,0.44233745,0,0.40726176083137217
2025-06-01,0.0018902703988654679,-0.006964779,1,0,0.35577515,0,0.3577543187011408
2025-06-02,-0.004267626971090621,-0.0032242488,0,0,0.38257083,0,0.3970590875188167
2025-06-03,-0.006746013908761839,-0.0060682404,0,0,0.44272307,0,0.4540665519927165
2025-06-04,-0.03088891457432652,-0.005172251,0,0,0.3928735,0,0.42688030800772825
2025-06-05,0.027522713000388777,-0.018225584,1,0,0.43397355,0,0.43914050982181313
2025-06-06,0.011675655937988694,-0.0063231294,1,0,0.38746035,0,0.4003556891436514
2025-06-07,0.0016366228683999395,-0.0075058416,1,0,0.3176054,0,0.3607700667084546
2025-06-08,0.0417924853291467,0.00046849195,1,1,0.615879,1,0.5196833919597046
2025-06-09,-0.00013599336373282256,0.007197233,0,0,0.46915317,0,0.4647728902949182
2025-06-10,-0.014742012425138284,0.005623847,0,0,0.45275193,0,0.48581449162730733
2025-06-11,-0.027491248985594297,-0.00039283937,0,0,0.4587619,0,0.4834263738112627
2025-06-12,0.003653549749930818,-0.0013174277,1,0,0.47656825,0,0.4825292413602925
2025-06-13,-0.006182020047502235,-0.0018390864,0,1,0.52714723,0,0.48343034053793155
2025-06-14,0.0014496807083066443,-0.0040482953,1,0,0.42446262,0,0.4359510846743273
2025-06-15,0.011410082083529005,-0.0054647927,1,0,0.40545577,0,0.4332798821349312
2025-06-16,-0.021238848987945147,-0.002462797,0,0,0.35812554,0,0.40218794611893705
2025-06-17,0.0032266407000172137,-0.001904906,1,0,0.45244837,0,0.4615680210460852
2025-06-18,-0.0022327188321931146,-0.0024603417,0,0,0.415025,0,0.4293841511920802
2025-06-19,-0.013192245322036555,-0.008368157,0,0,0.36182424,0,0.387114964677079
2025-06-20,-0.01145762211742607,-0.0056470437,0,0,0.42297855,0,0.430697415449786
2025-06-21,-0.011065610022415129,-0.0065149534,0,0,0.4751836,0,0.46210245402499517
2025-06-22,0.04310064179016315,-0.0045438134,1,0,0.42774272,0,0.4560543500022991
2025-06-23,0.006304517680154831,-0.0015706691,1,1,0.49287534,0,0.4767313924247507
2025-06-24,0.012053585661366384,-0.003296944,1,1,0.49554747,0,0.47275624614342104
2025-06-25,-0.0038615488564470724,-0.0019562645,0,0,0.4060015,0,0.4288693965251836
2025-06-26,0.0008967605129601708,-0.0005611489,1,0,0.46126288,0,0.46792570439855935
2025-06-27,0.0023129160501191848,-0.0016317812,1,0,0.3696022,0,0.422006196421339
2025-06-28,0.009604583131539002,-0.0026619462,1,0,0.37488708,0,0.3998379815509645
2025-06-29,-0.011180142711081587,-0.0025867997,0,0,0.2881183,0,0.35771332252010246
2025-06-30,-0.013810298031419421,-0.0034269125,0,0,0.3862951,0,0.4358792938829462
2025-07-01,0.02960224351205376,-0.0039577032,1,0,0.3427162,0,0.42019862030593536
2025-07-02,0.006982955438553873,-0.0016059963,1,0,0.29240486,0,0.39282664637202436
2025-07-03,-0.014838498836285297,-0.00013196755,0,0,0.3817569,0,0.4149759476817864
2025-07-04,0.001914247855349771,-0.001392981,1,1,0.5045746,0,0.4859046360286113
2025-07-05,0.009132231597911655,-0.0014101838,1,1,0.5147213,0,0.46662278456677353
2025-07-06,-0.008698105592950256,0.0033116394,0,0,0.2929553,0,0.3557595580869829
2025-07-07,0.0060764155772510264,-0.0026342953,1,0,0.44894907,0,0.45769040022308327
2025-07-08,0.021250924577378427,-0.002752028,1,0,0.46813586,0,0.45545947595123615
2025-07-09,0.0417449467609341,0.0015339856,1,0,0.39220095,0,0.4201146979183703
2025-07-10,0.013253051307120955,0.008715723,1,0,0.43370256,0,0.4651850044183752
2025-07-11,-0.0009785444295413726,0.005074071,0,0,0.39328876,0,0.4479560646443766
2025-07-12,0.014125400225974971,0.0039492818,1,0,0.34140646,0,0.4290090927138356
2025-07-13,0.006225596852049264,0.0057135783,1,0,0.36708108,0,0.42135769395900713
2025-07-14,-0.01775782204802745,0.012515366,0,0,0.41213277,0,0.4599073428670874
2025-07-15,0.008025854225348183,0.0054437285,1,1,0.52006346,1,0.5472565596123429
2025-07-16,0.004680818486187732,0.0041380622,1,0,0.44136658,0,0.45370405030307237
2025-07-17,-0.010560703636443236,0.0038895523,0,0,0.42359272,0,0.44487620431882186
2025-07-18,-0.0008985412026181194,-0.0026372229,0,0,0.4014664,0,0.44938342525182595
2025-07-19,-0.0049053253447635115,-0.002282662,0,0,0.4882373,0,0.4812179609069407
2025-07-20,0.0008348383624543487,-0.003447396,1,0,0.371839,0,0.40800494325940967
2025-07-21,0.02168138566678124,-0.0006264043,1,0,0.3590409,0,0.37836417674725165
2025-07-22,-0.010032576696373141,-0.0013832294,0,0,0.3477338,0,0.37805011090429647
2025-07-23,-0.00392984145495312,-0.0017280958,0,0,0.42733324,0,0.4266905278904825
2025-07-24,-0.005881372885470526,-0.000788612,0,1,0.5219789,0,0.48674961085043655
2025-07-25,0.002622924492525769,0.0017530043,1,1,0.5572867,1,0.5427862441908113
2025-07-26,0.012694384788623836,-0.0013057349,1,1,0.5518688,0,0.4813253937922165
2025-07-27,-0.011940189009420621,-0.0008123007,0,1,0.51857233,0,0.46142704603248413
2025-07-28,-0.0010594253820617183,-0.0012831296,0,0,0.46660325,0,0.4554314480677194
2025-07-29,-0.0007804547393099881,-0.0023009302,0,1,0.49796283,0,0.4800182915854017
2025-07-30,-0.017844161394798164,-0.0035293493,0,0,0.4314192,0,0.4539607825600801
2025-07-31,-0.02189674066805125,-0.013723762,0,0,0.46761754,0,0.4656540900006281
2025-08-01,-0.006387194216756598,-0.011601438,0,1,0.52468365,0,0.4832748164175673
2025-08-02,0.015030183980385914,-0.011297675,1,0,0.45285416,0,0.45226690197848657
2025-08-03,0.0071965662547786025,-0.005151661,1,0,0.30360025,0,0.34441351179038543
2025-08-04,-0.00801107328223516,-0.0045224633,0,0,0.48565656,0,0.4435447783387414
2025-08-05,0.007828528873455198,-0.0036763747,1,0,0.44363287,0,0.4428903719137326
2025-08-06,0.021373021102972345,-0.0043165223,1,0,0.41556802,0,0.41546277834941325
2025-08-07,-0.0071736931750123745,-0.002306134,0,0,0.45027572,0,0.44310033979252056
2025-08-08,-0.0015439382060833395,-0.002706015,0,0,0.44400012,0,0.45731477600491693
2025-08-09,0.023876794257912337,-0.0011163302,1,1,0.4995586,0,0.4862073543663167
2025-08-10,-0.005024756183884094,-0.003184723,0,0,0.24678206,0,0.3555223952468169
2025-08-11,0.011682620446320513,-0.0026881355,1,0,0.39408803,0,0.46398249205516157
2025-08-12,0.026723897664874485,0.002224511,1,0,0.37343365,0,0.44682093760433655
2025-08-13,-0.04108886432484482,0.00012143359,0,0,0.33158088,0,0.4204619685915656
2025-08-14,-0.008039392010758206,-0.0040024556,0,0,0.44647363,0,0.47263301394872625
2025-08-15,0.00011919661495696232,0.00012007895,1,1,0.5534101,1,0.5237999530165991
2025-08-16,0.0002553734851069578,-0.004471574,1,0,0.29827464,0,0.3608652007030975
2025-08-17,-0.010481155177895829,-0.0017013961,0,0,0.3580416,0,0.37718142493684326
2025-08-18,-0.029635354434049077,-0.0012247369,0,1,0.5227779,0,0.4885696751019528
2025-08-19,0.012266094891680623,-0.0011823055,1,1,0.6166126,1,0.5344190093060451
2025-08-20,-0.01579850708161068,-0.0068701664,0,0,0.366244,0,0.38516223401060723
2025-08-21,0.03853757485723719,-0.005123619,1,1,0.5711209,0,0.49575185810902267
2025-08-22,-0.012906849053990754,-0.0038206964,0,0,0.4737437,0,0.4531829448506972
2025-08-23,-0.016726042046480316,-0.008753757,0,0,0.41286647,0,0.4052388230650862
2025-08-24,-0.029893019773728824,-0.003913887,0,1,0.5239837,0,0.4941192177935918
2025-08-25,0.014888254673653734,-0.015993392,1,0,0.4344825,0,0.44795623442942034
2025-08-26,-0.004617579183006981,-0.0047497833,0,0,0.36030474,0,0.38428738924137873
2025-08-27,0.011686321317533555,-0.0059766388,1,0,0.4374137,0,0.4282818995751246
2025-08-28,-0.03819548852705523,-0.003599974,0,0,0.34953767,0,0.38542363069936775
2025-08-29,0.004281991357743209,0.0022512898,1,1,0.5217664,0,0.49669731511270493
2025-08-30,-0.005140594288194578,-0.004517507,0,0,0.37278035,0,0.3975375263025154
2025-08-31,0.008965041447762445,-0.0014352964,1,1,0.5519375,1,0.5019885216016557
2025-09-01,0.018088137500866353,-0.0072948644,1,0,0.3596101,0,0.381633267986966
2025-09-02,0.004672717103561652,-0.002995591,1,0,0.3730062,0,0.396213656819586
2025-09-03,-0.00909644664126752,-0.0036877512,0,0,0.33414593,0,0.38307332037444497
2025-09-04,-0.0007045561587819549,-0.0007970483,0,0,0.45446008,0,0.48118297942143223
2025-09-05,-0.00403817798808781,-0.0025459044,0,0,0.41106054,0,0.45420130964142236
2025-09-06,0.008321071471190322,-0.0041737333,1,0,0.38979137,0,0.4363571270284381
2025-09-07,0.008546830859195609,-0.0030486633,1,0,0.3105073,0,0.3628193478768596
2025-09-08,-0.005070909542070012,-0.002739245,0,0,0.32203746,0,0.3832546656922722
2025-09-09,0.021790600532360926,-0.0024846448,1,0,0.36976406,0,0.4248943778769324
2025-09-10,0.013463023742962932,-0.0038797383,1,0,0.20880577,0,0.3425085112980087
2025-09-11,0.00496458900633634,0.0011577241,1,0,0.30078945,0,0.38377821190078426
2025-09-12,-0.001094407857983981,0.0001738031,0,0,0.39030543,0,0.4223872276581961
2025-09-13,-0.005524756512283346,0.0009166094,0,0,0.42963913,0,0.4525620564202866
2025-09-14,0.0003900680067996376,-0.0023380138,1,0,0.32583645,0,0.4056332268774967
2025-09-15,0.012488104969715863,-0.0025095479,1,0,0.4208741,0,0.43580126631255267
2025-09-16,-0.0030859724294014512,0.0006635052,0,0,0.39243227,0,0.41829904646530724
2025-09-17,0.005547911936393035,0.00012682978,1,0,0.4120397,0,0.4495288952380142
2025-09-18,-0.012223820423654885,-0.0011143346,0,0,0.4032668,0,0.4326974951653164
2025-09-19,0.0004925235884414292,-0.0024984197,1,0,0.42077807,0,0.44707806057178734
2025-09-20,-0.004042403070645406,-0.004514765,0,0,0.4045985,0,0.41101811806232547
2025-09-21,-0.022374888072342003,-0.002680793,0,1,0.50548494,0,0.46242081835722776
2025-09-22,-0.006371091908178528,-0.004564303,0,0,0.46745995,0,0.4467227315621915
2025-09-23,0.011661267019933419,-0.0032450564,1,1,0.56505,0,0.49891659735152094
2025-09-24,-0.03884280346919766,-0.005643805,0,0,0.3489169,0,0.3742933486059164
2025-09-25,0.006172379312317844,-0.010349029,1,0,0.44257826,0,0.4272997637785214
2025-09-26,-0.00015498575529626635,-0.00478103,0,1,0.5378342,0,0.4565136965275369
2025-09-27,0.02275181291909334,-0.006339096,1,1,0.5148785,0,0.4496956176900123
2025-09-28,0.01920776496269383,-0.0075151348,1,0,0.24524508,0,0.3183856468249422
2025-09-29,-0.0027490343169134235,-0.00082145905,0,0,0.3988549,0,0.41136342222479183
2025-09-30,0.0395612167310162,-0.0026687016,1,0,0.39280233,0,0.4308318144836278
2025-10-01,0.016249103754748973,0.0034167443,1,0,0.42525262,0,0.4500655523644511
2025-10-02,0.013963671642244435,0.0015918083,1,0,0.32426283,0,0.4083437635620678
2025-10-03,0.001086827836612514,0.0014859348,1,0,0.43492013,0,0.4724985966058631
2025-10-04,0.008765709079312956,0.0021045269,1,0,0.46862403,0,0.4545770894217538
2025-10-05,0.009740375985478167,0.011447973,1,0,0.38271236,0,0.43093511482550173
2025-10-06,-0.02708567475847623,0.0069541857,0,0,0.3105679,0,0.38476635839200635
2025-10-07,0.015935615475195064,-0.002529633,1,0,0.39127564,0,0.4530968683133187
2025-10-08,-0.013467392575831738,0.000948663,0,0,0.39048037,0,0.43147940571889326
2025-10-09,-0.07416549465941813,-0.0021143847,0,0,0.39304987,0,0.4259107619576979
2025-10-10,-0.019950608084435828,0.0018570874,0,1,0.6342816,1,0.5482257333174929
2025-10-11,0.03831261920911544,0.0024863344,1,1,0.6399717,1,0.523170158003996
2025-10-12,0.0015193942711597686,-0.0011460058,1,0,0.36079985,0,0.3588950152294522
2025-10-13,-0.019155979176140647,-0.009523487,0,0,0.41519657,0,0.37969694319639624
2025-10-14,-0.020314971330829934,-0.00446091,0,1,0.54760724,0,0.47471054324900874
2025-10-15,-0.023726057004596512,-0.0024161183,0,1,0.6579355,1,0.5299851393409196
2025-10-16,-0.01611721009879119,0.0017011502,0,1,0.59886104,0,0.49670352797971135
2025-10-17,0.006963190758190407,0.0044637388,1,1,0.5998387,1,0.5159041614351717
2025-10-18,0.013561790781420058,-0.0044520213,1,1,0.5330801,0,0.43070440693672807
2025-10-19,0.017294651728976262,-0.0040934067,1,0,0.3679919,0,0.3610606407136
2025-10-20,-0.020169487853126,-0.0037771785,0,0,0.30723736,0,0.3759264230755666
2025-10-21,-0.007195574810154426,-0.00147279,0,1,0.56631595,1,0.5471147277391253
2025-10-22,0.023114769665017576,-0.005313209,1,1,0.5000237,0,0.4904260958335493
2025-10-23,0.008392543042729628,-0.010941871,1,0,0.29052094,0,0.35862988641619464
2025-10-24,0.005648692429925717,-0.0054134573,1,0,0.34896603,0,0.38453277031094424
2025-10-25,0.025489955289529576,-0.0009761828,1,0,0.39498085,0,0.40931621673808233
2025-10-26,-0.003936117602192368,-0.003936942,0,0,0.24554066,0,0.3439813913425117
2025-10-27,-0.010360139530849466,-0.00610062,0,0,0.26403406,0,0.39365514017563435
2025-10-28,-0.02589812085848031,-0.003423544,0,0,0.32068053,0,0.41946017125693813
2025-10-29,-0.015865206547807986,-0.0043572574,0,0,0.447143,0,0.4700391545530007
2025-10-30,0.011457024248270997,-0.0044902596,1,1,0.51503617,0,0.49693723287706554
2025-10-31,0.004489968882039008,-0.006123244,1,0,0.3332981,0,0.38424046622329266
2025-11-01,0.004379430058174094,-0.003626196,1,0,0.34433043,0,0.3854996775250338
2025-11-02,-0.03669138948467321,-0.0016810003,0,0,0.32508042,0,0.36650026821228454
2025-11-03,-0.0488718208425869,-0.0005645936,0,0,0.46055308,0,0.4563440776245012
2025-11-04,0.023368211991044774,-0.0044518746,1,1,0.5044861,0,0.47289722303911996
2025-11-05,-0.02516352689989354,-0.009969498,0,0,0.37186036,0,0.3651932797599443
2025-11-06,0.01946688119607387,-0.010810983,1,0,0.4306044,0,0.40661942558314923
2025-11-07,-0.00962252208530856,-0.0046584136,0,0,0.42412835,0,0.4095055418182111
2025-11-08,0.02337406103059614,-0.006261078,1,1,0.5408311,0,0.4868462407296441
2025-11-09,0.012028036046549673,-0.008191795,1,0,0.30186185,0,0.37656070408005704
2025-11-10,-0.02830029958024305,-0.004829959,0,0,0.3738694,0,0.39995798405310823
2025-11-11,-0.013486644683498028,-0.006129564,0,1,0.49915954,0,0.47582875538888836
2025-11-12,-0.020045092857220226,-0.0043169996,0,1,0.6104031,1,0.5267574339915188
2025-11-13,-0.052647803093629264,-0.004179666,0,1,0.63772345,1,0.5626062950317837
2025-11-14,0.010839473026782898,-0.014997764,1,1,0.53078496,1,0.5390327082321846
2025-11-15,-0.014252373274286967,-0.005005938,0,1,0.5013558,0,0.45806678649117494
2025-11-16,-0.022385509260486103,-0.00082281645,0,1,0.6124148,1,0.5394054905385199
2025-11-17,0.008745387147293116,0.0011663235,1,1,0.66028476,1,0.5680022629383549
2025-11-18,-0.015587266802482347,-0.0059014657,0,1,0.49018997,0,0.4655931779482999
2025-11-19,-0.055598274935896086,-0.00019186418,0,1,0.64249855,1,0.5387934689441849
2025-11-20,-0.017099614135512198,-0.0032746599,0,1,0.56335783,1,0.5008575063526461
2025-11-21,-0.0044892527924620396,0.0033681937,0,1,0.7136037,1,0.590295390200602
2025-11-22,0.02477354624800121,0.0016069141,1,1,0.635326,1,0.5389643779406668
2025-11-23,0.016838414748024277,-0.0064998623,1,0,0.43604502,0,0.4227646375431276
2025-11-24,-0.010774100850236223,-0.009131343,0,0,0.36795905,0,0.41550443239681756
2025-11-25,0.03539017758068752,-0.0025228746,1,1,0.5668295,1,0.5292166217448607
2025-11-26,0.009328897921843549,-0.0062014195,1,0,0.44199216,0,0.4609154481972876
2025-11-27,-0.004521567422052897,-0.0015965052,0,0,0.37836698,0,0.4203356110183501
2025-11-28,-0.000891358830921618,-0.0019268412,0,0,0.4333231,0,0.45868485682623455
2025-11-29,-0.004966513900519942,-0.00041185666,0,1,0.5156812,0,0.49828921906770185
2025-11-30,-0.04631982724641581,-0.002965334,0,1,0.49920934,1,0.5103179077320772
2025-12-01,0.05642548231948652,-0.0005456849,1,1,0.5482369,1,0.5450646356553948
2025-12-02,0.0235111386044089,0.00044723295,1,0,0.44748035,0,0.46156260330365284
2025-12-03,-0.014754410184664835,0.0011433662,0,0,0.32658267,0,0.3868424031025914
2025-12-04,-0.030368658549354777,-0.0029274398,0,0,0.43276197,0,0.4583299501764967
2025-12-05,-0.0011086413561258723,0.0025624938,0,1,0.5650924,1,0.5316685874674784
2025-12-06,0.01286935948793122,-0.0025284742,1,1,0.5846045,1,0.5210269747484518
2025-12-07,0.0026953300972945016,-0.004870817,1,0,0.3381396,0,0.365353098963191
2025-12-08,0.02231962798414422,-0.00027259006,1,0,0.40822193,0,0.40001923816852647
2025-12-09,-0.007134728827269399,-0.00064380816,0,0,0.38683805,0,0.3916828952570002
2025-12-10,0.005363918650992616,-0.0022105933,1,0,0.47403947,0,0.46391775011317926
2025-12-11,-0.02468315634475715,-0.0036056086,0,0,0.30831087,0,0.388889095849251
2025-12-12,-0.0001218573273771284,-0.0014824627,0,1,0.50393844,0,0.4639647725395557
2025-12-13,-0.02353999341000268,-0.0036408622,0,0,0.43092307,0,0.4149676266076316
2025-12-14,-0.020072161371411212,-0.005361645,0,1,0.56518143,0,0.4904313339489894
2025-12-15,0.01642457512875417,-0.011881557,1,0,0.48363128,0,0.47261144804151184
2025-12-16,-0.018706953731388865,-0.0023453603,0,0,0.44489607,0,0.42013867307768915
2025-12-17,-0.008795746236216928,-0.006551062,0,1,0.55619115,0,0.4871825945615519
2025-12-18,0.03036734742671321,0.00020897147,1,1,0.5375514,0,0.4841555564402333
2025-12-19,0.002596093715711234,-0.008206602,1,0,0.37644666,0,0.3770298484453274
2025-12-20,0.0035262242686560086,-0.006745227,1,0,0.32766432,0,0.3459317526311694
2025-12-21,-0.001094962716992498,-0.004062452,0,0,0.4063874,0,0.3822122331190887
2025-12-22,-0.012684726973704485,-0.0009374879,0,0,0.44286612,0,0.44024706737414204
2025-12-23,0.002079668002789248,-0.0035040479,1,0,0.38052964,0,0.40856884903206814
2025-12-24,-0.004954895505486334,-0.0029272316,0,0,0.4032251,0,0.4014321393700654
2025-12-25,0.0014214643473771105,-0.0028452624,1,0,0.44807753,0,0.4378274278115989
2025-12-26,0.005870746590961318,-0.0021469106,1,0,0.38728333,0,0.38861945396705855
2025-12-27,0.0006830601358487343,-0.0030073025,1,0,0.39377868,0,0.38752794684762637
2025-12-28,-0.00858344936949429,-0.0019790782,0,0,0.3651107,0,0.37171768174698055
2025-12-29,0.014483840934598646,-0.0012731217,1,0,0.46343464,0,0.4425982338654152
2025-12-30,-0.01016576303993233,-0.00075545267,0,0,0.4050575,0,0.40101465079415394
2025-12-31,0.013982432269516565,-0.0028746976,1,0,0.44679755,0,0.42968746382760314
2026-01-01,0.013700684421680265,-0.0022332661,1,0,0.33823323,0,0.36996067570160207
2026-01-02,0.0070676369570747966,-0.0030226142,1,0,0.43153015,0,0.43156685661363703
2026-01-03,0.010006069502308534,-0.0017600593,1,0,0.33478472,0,0.3662061876905251
2026-01-04,0.025624861307440128,-0.00034195205,1,0,0.34479803,0,0.3721772106142951
2026-01-05,-0.0017485131435179824,-0.0026926037,0,0,0.3281131,0,0.37904379944345623
2026-01-06,-0.026371233850777998,-0.0017853599,0,0,0.38785756,0,0.4405625888116119
2026-01-07,-0.0026549076503581404,-0.002243456,0,0,0.37619072,0,0.42745230993616185
2026-01-08,-0.0057397660072116,-0.0037915139,0,0,0.411649,0,0.4506694469023862
2026-01-09,-0.0014152093112276276,-0.005759766,0,0,0.38109782,0,0.4278020386678384
2026-01-10,0.00540679040126868,-0.004798411,1,1,0.5264488,1,0.5005985906283144
2026-01-11,0.0035481480868408966,-0.0044650417,1,0,0.2964752,0,0.3471285814833517
2026-01-12,0.04472204978481997,-0.0022279876,1,0,0.4170467,0,0.40872548997150604
2026-01-13,0.016390740721968555,0.0057952795,1,0,0.48884103,0,0.4636941121882713
2026-01-14,-0.01418065618485187,0.0083427755,0,0,0.41158658,0,0.4232027036150947
2026-01-15,-0.000586086736680258,0.0030533527,0,1,0.56779414,1,0.5112182375102927
2026-01-16,-0.004280460179813872,0.0022129212,0,1,0.49315315,0,0.4728413498883772
2026-01-17,-0.01565073349877899,-0.0029491244,0,0,0.43502527,0,0.448533990128256
2026-01-18,-0.011557842037202448,-0.004830097,0,1,0.4900585,0,0.4767500894960839
2026-01-19,-0.04693579123732583,-0.003093712,0,1,0.51507145,0,0.4970431403558496
2026-01-20,0.011908520492291075,-0.0009431509,1,1,0.5009242,0,0.49110305299740087
2026-01-21,0.001006497585500199,0.0028004206,1,0,0.45852888,0,0.42444586776722015
2026-01-22,0.00032410020567930076,0.001595406,1,0,0.4640724,0,0.41052978234461746
2026-01-23,-0.004524539866343602,-0.0053276448,0,0,0.42727882,0,0.3789107580110046
2026-01-24,-0.0287171894752003,-0.0068447897,0,1,0.54641676,0,0.45201891032874536
2026-01-25,0.01922102031128503,-0.0035798147,1,1,0.51436436,0,0.44851501492536316
2026-01-26,0.010012373502517491,-0.008873068,1,0,0.3038743,0,0.33171111581826673
2026-01-27,0.00037015642335447296,-0.010890695,1,0,0.29948765,0,0.3277334142047301
2026-01-28,-0.05341572988634269,-0.00565207,0,0,0.36294347,0,0.36445234305030494
2026-01-29,-0.004743279378114806,-0.014279056,0,1,0.57498974,0,0.4913322532908388
2026-01-30,-0.06754632862003263,-0.0031153134,0,1,0.526244,0,0.48807442482928165
2026-01-31,-0.022467075421706895,-0.01650359,0,0,0.407215,0,0.41644117952330584
2026-02-01,0.022861224224337562,-0.0067588827,1,1,0.5932524,1,0.5124772841012276
2026-02-02,-0.038934988842758145,-0.007620181,0,0,0.33018428,0,0.3513944578953828
2026-02-03,-0.03581661175417139,-0.0037268382,0,1,0.6801168,1,0.5516571501986496
2026-02-04,-0.15058398867830114,-0.0058433646,0,1,0.55565286,1,0.5146545177531365
2026-02-05,0.11617687701330226,-0.018526653,1,1,0.5458007,1,0.5326902037267596
2026-02-06,-0.018386947817068844,-0.0081144655,0,0,0.3951655,0,0.4020835782343715
2026-02-07,0.014864567138802798,0.02325847,1,1,0.6369271,1,0.5172983846822397
2026-02-08,-0.002692750439198477,-0.01130252,0,0,0.40052512,0,0.430946794057699
2026-02-09,-0.01860438408170495,-0.014335873,0,1,0.5931586,1,0.535849615914924
2026-02-10,-0.025749462828153824,0.00030503704,0,1,0.56359595,1,0.5562044197094005
2026-02-11,-0.012697153921935822,0.0051023196,0,1,0.6386751,1,0.5970034942834432
2026-02-12,0.0385919508006598,-0.0038326266,1,1,0.53197837,1,0.5260128320069213
2026-02-13,0.014126913291999443,-0.013474959,1,0,0.41635734,0,0.4372346877099403
2026-02-14,-0.014417602518197015,-0.010225316,0,0,0.3125682,0,0.38352856684879333
2026-02-15,0.0010896491681737785,-0.0050057755,1,0,0.43788928,1,0.5131446669367239
2026-02-16,-0.020523696880999864,-0.0036487533,0,0,0.47805664,0,0.48146055555880074
2026-02-17,-0.015579919749891147,-0.009291947,0,1,0.55277723,1,0.5287146953830233
2026-02-18,0.0082160614501543,-0.002501737,1,1,0.51135284,0,0.4993875025224127
2026-02-19,0.015100498100293791,-0.007320244,1,0,0.40869185,0,0.4171286675387995
2026-02-20,-0.0003824710619007021,-0.0014894359,0,0,0.36883417,0,0.40322305152236115
2026-02-21,-0.005222098046493429,-0.001978993,0,0,0.46937048,0,0.47694702088960406
2026-02-22,-0.045106782813126856,0.0005424652,0,1,0.5674372,1,0.5346542547074411
2026-02-23,-0.008874165580918358,-0.0016862503,0,1,0.66004926,1,0.582868854883833
2026-02-24,0.05961493229514048,-0.00520307,1,1,0.6310993,1,0.5556130060867193
2026-02-25,-0.0074696616926637205,0.0006248709,0,0,0.4482294,0,0.4319297893585078
2026-02-26,-0.024297064940610014,-0.0016145917,0,1,0.4993033,0,0.4745556434738085
2026-02-27,0.016815974373196596,0.0038149245,1,1,0.63580394,1,0.5645416203321977
2026-02-28,-0.018289702030745758,0.0013294592,0,1,0.5122193,0,0.4835837467992921
2026-03-01,0.04532991922525298,-0.001129927,1,1,0.5936454,1,0.5263070894097358
2026-03-02,-0.007072216824346,0.0011864481,0,1,0.5063473,0,0.4690271030198777
2026-03-03,0.06178086635329372,0.0008323643,1,1,0.5759131,1,0.514195444617576
2026-03-04,-0.02500356599527187,-0.00133526,0,0,0.35085964,0,0.4089547096912137
2026-03-05,-0.04003124240097655,6.945045e-05,0,0,0.46684474,0,0.48332775042075754
2026-03-06,-0.012483265596653581,-0.004630868,0,0,0.4169045,0,0.46763710638371453
2026-03-07,-0.019423624070114442,0.00096454716,0,1,0.6195884,1,0.5385430886543666
2026-03-08,0.03687149599606343,-0.006903702,1,0,0.4741473,0,0.46983618774553765
2026-03-09,0.021819152492213334,-0.003087421,1,0,0.3954018,0,0.40636546772905807
2026-03-10,0.0033247984736952674,-0.0033992066,1,0,0.3142002,0,0.3623617219821682
2026-03-11,0.004732643404397052,-0.0011775157,1,0,0.3398002,0,0.38399514302963145
2026-03-12,0.005937336318266873,0.0011929522,1,0,0.41391262,0,0.40458339768513263
2026-03-13,0.00378428638186179,0.0007357878,1,0,0.28487203,0,0.33311772249116184
2026-03-14,0.02239609328519343,-0.0007320206,1,0,0.2831826,0,0.3037185495111483
2026-03-15,0.027691723198003615,-0.0013657315,1,0,0.26481503,0,0.29551127972944247
2026-03-16,-0.012741765353343482,-0.0009954913,0,0,0.3090509,0,0.32663120601960566
2026-03-17,-0.036770519624672815,-0.00087468367,0,0,0.37073457,0,0.42448421727721247
2026-03-18,-0.01895509365656345,-0.0037217576,0,0,0.36592665,0,0.42884468526646435
2026-03-19,0.008275044905659001,-0.004028209,1,0,0.47837326,0,0.47308289578172763
2026-03-20,-0.022839772841045658,-0.0053578946,0,0,0.39905193,0,0.3935454380085578
2026-03-21,-0.015354546013032433,-0.00033122546,0,1,0.6079315,1,0.5076045666714748
2026-03-22,0.043583871101494864,-0.0027030276,1,1,0.5285797,0,0.4795126278408368
2026-03-23,-0.005148453402814113,-0.0015244936,0,0,0.48247847,0,0.4438142408360153
2026-03-24,0.011028175512574734,-0.0032683548,1,0,0.4282664,0,0.43588127224104317
2026-03-25,-0.036011886779119706,-0.0027336502,0,0,0.39657474,0,0.407272644722385
2026-03-26,-0.03581906989838579,-0.008809584,0,1,0.49681547,0,0.4602354153906799
2026-03-27,-0.0005728067687531535,-0.0034967968,0,0,0.39197746,0,0.4109201942624989
2026-03-28,-0.005549059787918864,-0.0067671,0,1,0.5436432,0,0.48663849513580726
2026-03-29,0.011712083233591741,-0.0033489272,1,1,0.5668712,1,0.5097471125995124
2026-03-30,0.02199486944808271,-0.0044578156,1,0,0.36256066,0,0.3827048522356139
2026-03-31,-0.0016579007149939429,-0.0021796732,0,0,0.34923068,0,0.38009630948573936
2026-04-01,-0.017957102169525285,-0.002501061,0,0,0.39636946,0,0.43146223457589405
2026-04-02,0.0008069698720856167,-0.003652252,1,1,0.51829535,0,0.4873961414682224
2026-04-03,0.00515518819782379,-0.004197404,1,0,0.45107695,0,0.42742402766978405
2026-04-04,0.02508037453838874,-0.008193128,1,0,0.2885714,0,0.3311719703485162
2026-04-05,-0.0020601214342779173,-0.0017863812,0,0,0.32511953,0,0.35612781642257957
2026-04-06,0.0438005479631407,-0.005602652,1,0,0.34953496,0,0.4108440673680712
2026-04-07,-0.011604464372052092,0.0012022215,0,0,0.32022434,0,0.39241012278577103
2026-04-08,0.009823619113156212,-0.0022853576,1,0,0.32237372,0,0.4079208842070984
2026-04-09,0.016133837999719347,-0.0011509478,1,0,0.31376362,0,0.39139673915624285
2026-04-10,0.001246140208227331,9.802669e-05,1,0,0.2953235,0,0.36593119892376447
2026-04-11,-0.03233557339393833,-0.00043851222,0,0,0.3089691,0,0.36078471958623914
2026-04-12,0.05099146499520657,-0.0026513552,1,0,0.43308666,0,0.44879606068466876
2026-04-13,-0.0035389693198730754,0.005785691,0,0,0.43043843,0,0.44684962913187354
2026-04-14,0.008510004244165259,0.0010734971,1,0,0.4052319,0,0.45016668976469154
2026-04-15,0.004800137220181355,0.00037990324,1,0,0.3500876,0,0.394152022619925
2026-04-16,0.025348401573074497,0.00016019629,1,0,0.362138,0,0.3938505705979184
2026-04-17,-0.017940224035493557,-0.0011537999,0,0,0.30166718,0,0.35996094127991896
2026-04-18,-0.02556938486986482,-0.00045088492,0,1,0.52790374,0,0.487223530066155
2026-04-19,0.027323921719997202,-0.0010915938,1,0,0.47517186,0,0.4644374292615056
2026-04-20,0.006241192285489916,-0.0037113393,1,0,0.2864238,0,0.34026729645819265
2026-04-21,0.024109402473600383,-0.0044183666,1,0,0.3434729,0,0.36776250474769356
2026-04-22,0.0007796673388433817,0.000628283,1,0,0.38818565,0,0.4044101932991627
2026-04-23,-0.010312481027280995,-0.0014771173,0,0,0.3400432,0,0.36011699063252617
2026-04-24,0.002230747838440905,-0.002518739,1,0,0.32729304,0,0.3894213538991236
2026-04-25,0.013064888744585446,-0.0023307155,1,0,0.41752428,0,0.41179219079219265
2026-04-26,-0.016496884475136753,-0.0011899717,0,0,0.2992757,0,0.3470215212412123
2026-04-27,-0.013663547984940294,-0.0014349899,0,0,0.38872427,0,0.40638634999561385
2026-04-28,-0.007601898933298656,-0.0036398189,0,0,0.41006228,0,0.43006751149930267
2026-04-29,0.007431555691253422,-0.004776287,1,0,0.43026438,0,0.4538870019846887
2026-04-30,0.024874779708433437,-0.0037804504,1,0,0.3859446,0,0.3947522098273809
2026-05-01,0.0058373115369168005,-0.0038272468,1,0,0.35081616,0,0.3740694142358558
2026-05-02,-0.0015897749047955045,0.0001970316,0,0,0.4590319,0,0.4187700256611102
2026-05-03,0.016148423306541204,0.002794321,1,1,0.5930913,1,0.517773211753182
2026-05-04,0.0132997724188062,0.0004940801,1,0,0.28184476,0,0.3714887492534048
2026-05-05,0.006577998589758494,0.00018000384,1,0,0.31257322,0,0.3792171548601259
2026-05-06,-0.017713389858247552,0.0008001567,0,0,0.38114122,0,0.40486435384301145
2026-05-07,0.002271933867847409,-0.00083421235,1,0,0.41919738,0,0.45003272011820683
2026-05-08,0.005793730151305354,-0.0020333645,1,0,0.31870106,0,0.3869333539700591
2026-05-09,0.01876536416701491,-0.00028890866,1,0,0.38585186,0,0.40752435855728497
2026-05-10,-0.005575598995999798,-0.002181993,0,0,0.26240084,0,0.34446896639380953
2026-05-11,-0.015349164357065348,-0.0004620789,0,0,0.42118743,0,0.4501418333167096
2026-05-12,-0.015109034096306928,0.0006726143,0,0,0.4579786,0,0.4690067493483939
2026-05-13,0.003035094799457738,-0.002985959,1,1,0.51930684,1,0.5034344017446898
