date,actual,linear_pred,ridge_pred,lasso_pred
2023-11-29,-0.003068136135123467,0.005286198953618418,0.004029271244254097,0.0010767744638121412
2023-11-30,0.025293304372819847,0.004566061509646573,0.0033436173832969095,0.0010767744638121412
2023-12-01,0.004561217014837027,0.00584274371310748,0.005343485441222973,0.0010767744638121412
2023-12-02,0.01718071369636931,0.006683787633819793,0.0056552167034000875,0.0010767744638121412
2023-12-03,0.05310372492862214,0.00637947805850362,0.005847452035888998,0.0010767744638121412
2023-12-04,0.04613212902366648,0.003742034550833412,0.006285388080001848,0.0010767744638121412
2023-12-05,0.005522984575637935,0.0022544350405856025,0.00587336845388561,0.0010767744638121412
2023-12-06,-0.013888157223666653,0.005045289568997497,0.005433878104435222,0.0010767744638121412
2023-12-07,0.011655250556440677,0.0069795822698006755,0.00401559599761241,0.0010767744638121412
2023-12-08,0.0035748071358323585,0.007296773010248629,0.0048417965109221455,0.0010767744638121412
2023-12-09,-0.0037801201819167574,0.00839650538928645,0.005120339677806309,0.0010767744638121412
2023-12-10,-0.06725718678292303,0.009331291030079233,0.005031245373014812,0.0010767744638121412
2023-12-11,0.006906306328234635,0.007674138005439298,-7.07830347204104e-05,0.0010767744638121412
2023-12-12,0.020627200379362165,0.005219203264839557,0.0003421897239492709,0.0010767744638121412
2023-12-13,0.017577957154912838,0.0037485208345916943,0.001901953731876842,0.0010767744638121412
2023-12-14,-0.018147865984927236,0.002181315271067013,0.0031255496152329597,0.0010767744638121412
2023-12-15,0.007996446593571349,-0.00022119756438552184,0.0006389438827816159,0.0010767744638121412
2023-12-16,-0.007307847627753716,-0.000520578708451959,0.0012149771501572377,0.0010767744638121412
2023-12-17,-0.012179545887455845,-0.0003108604248857744,0.00045938658236016074,0.0010767744638121412
2023-12-18,0.013792334700857722,-0.002063042026652147,-0.001311576850991281,0.0010767744638121412
2023-12-19,0.045492918172428176,-0.0016980309700001196,0.00032617112915046776,0.0010767744638121412
2023-12-20,-0.013243717123510024,9.66550435249154e-05,0.004286788494936011,0.0010767744638121412
2023-12-21,0.00920486610776372,0.0035597842490799596,0.0030817458996755622,0.0010767744638121412
2023-12-22,-0.003941093798429662,0.004399619911304855,0.0038288161438670893,0.0010767744638121412
2023-12-23,-0.00258265196635854,0.004865425091320786,0.003674786442147353,0.0010767744638121412
2023-12-24,-0.0055535299700260055,0.004576433148203728,0.0033142805928733005,0.0010767744638121412
2023-12-25,-0.03101331713546962,0.0052733279408959345,0.0029377267335024167,0.0010767744638121412
2023-12-26,0.02519733452940187,0.00269086082937279,-0.0008135698972312243,0.0010767744638121412
2023-12-27,-0.016570580800840062,0.0034728591695524797,0.002153553778410539,0.0010767744638121412
2023-12-28,-0.01019463622102812,0.0029531879825758422,0.0002752244716789601,0.0010767744638121412
2023-12-29,0.008310198756678489,0.0015695613650332577,-0.0007259137134332839,0.0010767744638121412
2023-12-30,0.005314408406817961,-0.0004942743256241419,-0.0002896760803396889,0.0010767744638121412
2023-12-31,0.011217599175758153,0.00031128291508428696,0.0004459250932939169,0.0010767744638121412
2024-01-01,0.04644622306577162,-8.70566073811474e-06,0.0009855899576968227,0.0010767744638121412
2024-01-02,-0.06647382928562173,0.0010414224456051938,0.0043881162436519815,0.0010767744638121412
2024-01-03,0.042364398393898384,-0.00018159590932748083,-0.0026578972928043994,0.0010767744638121412
2024-01-04,-0.01067041587881512,9.542253965259275e-05,0.0008553674059352647,0.0010767744638121412
2024-01-05,0.009240628401196105,0.001819662966417701,0.00016655864672010805,0.0010767744638121412
2024-01-06,0.0024271581287980126,0.0010139891089149136,0.0005032104177409274,0.0010767744638121412
2024-01-07,0.06297543736441291,0.0021919343209115256,0.0008626040616605262,0.0010767744638121412
2024-01-08,-0.007473557163374167,0.0022437760087673734,0.004555549555852394,0.0010767744638121412
2024-01-09,-0.002317448411799816,0.0037543536976050234,0.0032754699551582537,0.0010767744638121412
2024-01-10,0.0009233313590133463,0.004420140463660491,0.0026688694739001803,0.0010767744638121412
2024-01-11,-0.07041656892176285,0.004187695436985025,0.0022549945088580423,0.0010767744638121412
2024-01-12,-0.014614377807699697,0.0024683084865302846,-0.0030556297861750576,0.0010767744638121412
2024-01-13,0.0020542516211374817,0.0031117151021942254,-0.003120517586212857,0.0010767744638121412
2024-01-14,0.00225946684215117,-0.0007181170364945102,-0.0033289287955659747,0.0010767744638121412
2024-01-15,0.0006047636953958602,-0.0012441801168232931,-0.002687553983326117,0.0010767744638121412
2024-01-16,-0.010213590709374998,-0.0023271581563963483,-0.0026292027867888205,0.0010767744638121412
2024-01-17,-0.026856199342841336,-0.003040249018733141,-0.003415875590209293,0.0010767744638121412
2024-01-18,0.007716291696599598,-0.006436409012597373,-0.005686377750978433,0.0010767744638121412
2024-01-19,-0.004295508326629616,-0.005988618326319669,-0.003951717572367222,0.0010767744638121412
2024-01-20,0.0020180671849931997,-0.006811607632864944,-0.004573517684091385,0.0010767744638121412
2024-01-21,-0.03427735242955343,-0.007498275638874557,-0.004645370027719767,0.0010767744638121412
2024-01-22,-0.029822857765783084,-0.0038163767867760478,-0.005295731826590086,0.0010767744638121412
2024-01-23,0.017125226657553227,-0.0022859082054214677,-0.005076531994837428,0.0010767744638121412
2024-01-24,0.0017090584234367157,-0.004110206257423615,-0.0040696166521894325,0.0010767744638121412
2024-01-25,0.056031936266080606,-0.004840507068948765,-0.004088993952706331,0.0010767744638121412
2024-01-26,-0.0076268930377558775,-0.002506885337867651,0.0014138056777097197,0.0010767744638121412
2024-01-27,0.004059028542235055,-0.0008650902520926701,0.00042085542136608605,0.0010767744638121412
2024-01-28,0.024828017601203456,0.0009125949541216481,0.000663806590606536,0.0010767744638121412
2024-01-29,0.008102458846328986,0.002050985949788569,0.0026861729685975773,0.0010767744638121412
2024-01-30,0.0029468664847023263,0.002973151267455387,0.0026922699756247535,0.0010767744638121412
2024-01-31,-0.015335378945687594,0.004112131364648836,0.002933244932622888,0.0010767744638121412
2024-02-01,0.0014695765366568025,0.005385321701621959,0.0015495160934710533,0.0010767744638121412
2024-02-02,0.003652908353529938,0.006165158977147359,0.0016798212542065978,0.0010767744638121412
2024-02-03,-0.006500716067156631,0.005525515905411447,0.0018215398182913904,0.0010767744638121412
2024-02-04,-0.0023637629925481463,0.005155236864852487,0.0011629484131866156,0.0010767744638121412
2024-02-05,0.011601220336908469,0.0031461375897390035,0.001007914972453581,0.0010767744638121412
2024-02-06,0.01034559520624967,0.003577894532994258,0.0022092921684113693,0.0010767744638121412
2024-02-07,0.03730130559457123,0.0040632182754268675,0.0032481840432688263,0.0010767744638121412
2024-02-08,0.0505311286956065,0.002217096489389888,0.004502304414140767,0.0010767744638121412
2024-02-09,-0.005832639215167745,-0.0005306859064899748,0.004532506258272081,0.0010767744638121412
2024-02-10,0.019697860033659254,0.0015828935123818092,0.0033325204419086974,0.0010767744638121412
2024-02-11,0.029581920410063134,0.00321192998936043,0.004241353269969188,0.0010767744638121412
2024-02-12,-0.012521529824986999,0.0024112711439270105,0.004245154240465081,0.0010767744638121412
2024-02-13,0.04670782669751716,0.004348601509049377,0.00307117994250123,0.0010767744638121412
2024-02-14,0.010205156311128505,0.002290349530051624,0.0038759869271827456,0.0010767744638121412
2024-02-15,-0.000192315089634576,0.0038755649844844616,0.00383869261995261,0.0010767744638121412
2024-02-16,-0.013847283843574587,0.005950603508201474,0.004178566724159394,0.0010767744638121412
2024-02-17,0.010224859411943399,0.006882881951297549,0.0031300792712112852,0.0010767744638121412
2024-02-18,0.002487011952904794,0.005850166698467679,0.003945160747779506,0.0010767744638121412
2024-02-19,-0.008275375918724848,0.004807028520971284,0.004320604935348393,0.0010767744638121412
2024-02-20,-0.012719859660336397,0.00572214084787786,0.004068098280208413,0.0010767744638121412
2024-02-21,0.01647933543682356,0.0047323193708455275,0.00300275279685345,0.0010767744638121412
2024-02-22,-0.011790708028366126,0.0025393122180391962,0.0038426448357863413,0.0010767744638121412
2024-02-23,0.006535142207436451,0.0027677349285264064,0.002579361732240844,0.0010767744638121412
2024-02-24,0.0026603248856638118,0.00023014270756220958,0.002529531820939952,0.0010767744638121412
2024-02-25,0.039507086269576774,4.468494417399671e-05,0.002753489885740179,0.0010767744638121412
2024-02-26,0.06357219614523935,0.00044536445331623607,0.0058953280638338705,0.0010767744638121412
2024-02-27,0.06735533214485478,-0.003126638255014631,0.006031887366639883,0.0010767744638121412
2024-02-28,-0.006118634936601808,-0.008945494697021484,0.003737214055285642,0.0010767744638121412
2024-02-29,0.02577759531402357,-0.0029920301418693467,0.0028470711764940313,0.0010767744638121412
2024-03-01,-0.004628893796644107,-0.0008624118665328691,0.0033537027101563205,0.0010767744638121412
2024-03-02,0.012312330821130146,0.0039270630496159855,0.0032989774120082862,0.0010767744638121412
2024-03-03,0.05916052082701739,0.005061361688072102,0.004024774746170924,0.0010767744638121412
2024-03-04,-0.04057329907653617,0.0006998853087608382,0.004057758581250117,0.0010767744638121412
2024-03-05,0.048297652640881594,0.006529669525881083,0.0015948738988583373,0.0010767744638121412
2024-03-06,0.007635605502729348,0.0031706394616862954,0.0029954745680461693,0.0010767744638121412
2024-03-07,0.014749270424571748,0.004072198140249546,0.0031712835240421213,0.0010767744638121412
2024-03-08,-0.004287971099614651,0.0019881519653188384,0.0030372530825667605,0.0010767744638121412
2024-03-09,0.01610821737541457,0.0008903003890098138,0.0020330685969562265,0.0010767744638121412
2024-03-10,0.03554749433965121,0.001997578740384985,0.003340105353647454,0.0010767744638121412
2024-03-11,-0.007915314458395883,-0.0015481318251268823,0.0037184677932157266,0.0010767744638121412
2024-03-12,0.02748820824987419,0.0028369141441860653,0.0036471838786610584,0.0010767744638121412
2024-03-13,-0.05784241880362728,0.0013974531726595916,0.004391600807862484,0.0010767744638121412
2024-03-14,-0.005321392067010322,0.002641100956633311,-0.0006501908747956386,0.0010767744638121412
2024-03-15,-0.030023888411600197,0.006014438648752523,0.0015224658039581034,0.0010767744638121412
2024-03-16,0.023550997312472788,0.0028510393874640475,-0.0011361153267177813,0.0010767744638121412
2024-03-17,-0.02326716315934263,-0.0006982793823079707,0.0007329713510417088,0.0010767744638121412
2024-03-18,-0.0389100817925474,-0.00031476836122384597,-0.00044054917774920613,0.0010767744638121412
2024-03-19,0.021462260048011217,0.001890686947001515,-0.0013129996486202495,0.0010767744638121412
2024-03-20,-0.008057667817443104,-0.003512962242270464,-0.000724514442070509,0.0010767744638121412
2024-03-21,-0.021387297275390793,-0.007017310009954875,-0.002606388750799121,0.0010767744638121412
2024-03-22,0.015686474349662305,-0.005639576102315817,-0.003385078482442743,0.0010767744638121412
2024-03-23,0.014578922579403297,-0.010444879147477453,-0.003744150678941392,0.0010767744638121412
2024-03-24,0.07596664529311781,-0.0054477658789047435,-0.0008384886152021757,0.0010767744638121412
2024-03-25,-0.0225918689647564,-0.008644230891618828,0.0028251389100427096,0.0010767744638121412
2024-03-26,-0.01247381277910975,-0.00018953034328240037,0.0018271595989177874,0.0010767744638121412
2024-03-27,0.03230297648394931,0.0005905427583363532,0.00014471827404313937,0.0010767744638121412
2024-03-28,-0.01623622498677335,0.0021389955800094756,0.0029793940633579246,0.0010767744638121412
2024-03-29,0.003437118498490932,0.00872100243976124,0.0031656219980475174,0.0010767744638121412
2024-03-30,0.01543511988375812,0.007631962740192371,0.0028264981477387056,0.0010767744638121412
2024-03-31,-0.01877182165273794,0.008216081691528421,0.004061820452665419,0.0010767744638121412
2024-04-01,-0.054732071978390806,0.012242181820163763,0.0036685457273223565,0.0010767744638121412
2024-04-02,-0.002791772159795869,0.01371443020232029,0.00042442780334957817,0.0010767744638121412
2024-04-03,0.03994157789501607,0.008835510417888054,-0.0004827526313713776,0.0010767744638121412
2024-04-04,-0.015833173607825657,-0.001477155284713081,-0.00011142178403271245,0.0010767744638121412
2024-04-05,0.01264552377242012,0.0017609562803438377,-0.0004498665919774013,0.0010767744638121412
2024-04-06,0.011633879277569648,0.0010979375417010642,4.389742631559154e-05,0.0010767744638121412
2024-04-07,0.037769816061757666,-0.0019600561557042194,-0.00042177630305325047,0.0010767744638121412
2024-04-08,-0.03889959601970361,-0.0013860474032500335,0.0023937435484525146,0.0010767744638121412
2024-04-09,0.015445099804988871,0.0018001701392469304,-0.0012208273356577423,0.0010767744638121412
2024-04-10,0.005890572224883428,-0.0003213873656545119,-0.0004878106812068409,0.0010767744638121412
2024-04-11,-0.052915616576600044,0.0018367183392951293,0.0006195223506915983,0.0010767744638121412
2024-04-12,-0.029909168746142356,0.008836692338362519,-0.0014976003499665214,0.0010767744638121412
2024-04-13,-0.010535219680074093,0.008448870385655064,-0.0025521951552535758,0.0010767744638121412
2024-04-14,-0.013437542950013537,0.004503754020395395,-0.0023217738658573234,0.0010767744638121412
2024-04-15,-0.009739615711241711,0.003765473088598789,-0.002404934934667975,0.0010767744638121412
2024-04-16,-0.02798006981772616,0.0004794109341586044,-0.0033640385956211724,0.0010767744638121412
2024-04-17,0.04095050242563403,-0.0001203190184984541,-0.004096532126250094,0.0010767744638121412
2024-04-18,0.012291583591307997,-0.00855791962162382,-0.003556110280892389,0.0010767744638121412
2024-04-19,0.008589057328842742,-0.005430555984044708,-0.0017334181994501062,0.0010767744638121412
2024-04-20,-0.005268496299894565,-0.007201482230720581,-0.0027454559495803427,0.0010767744638121412
2024-04-21,0.030526590659155417,-0.006983523217352606,-0.0038985943758651945,0.0010767744638121412
2024-04-22,-0.0010523151903143457,-0.003036801780261931,-0.0002847465244729551,0.0010767744638121412
2024-04-23,-0.03904685446145706,0.0012226506023146704,0.0002442854259520857,0.0010767744638121412
2024-04-24,0.01195533762023615,0.004810685269745071,-0.0019034847786430988,0.0010767744638121412
2024-04-25,-0.015480522817684417,0.003974849234920023,-0.0008210090964721529,0.0010767744638121412
2024-04-26,-0.006282050747191903,0.0061725182212311715,-0.0005355202814171102,0.0010767744638121412
2024-04-27,0.0065645233256912405,0.007482796105656472,-8.013611542390152e-05,0.0010767744638121412
2024-04-28,-0.012091893057451841,0.0030580813609674415,-0.0006934552794558215,0.0010767744638121412
2024-04-29,-0.06251830774641576,0.0017140308708449782,-0.0020179005568743452,0.0010767744638121412
2024-04-30,-0.0389042797071415,0.0021433757044548524,-0.005925904970421312,0.0010767744638121412
2024-05-01,0.042599893899812,0.0031547596121286577,-0.005248715196108911,0.0010767744638121412
2024-05-02,0.04500598992292382,-0.005307884882111217,-0.0037772950401212843,0.0010767744638121412
2024-05-03,0.02896361281190174,-0.007979375569780909,-0.0013221840341270607,0.0010767744638121412
2024-05-04,-0.000610257031025796,-0.005044261144856577,0.0007264148141865965,0.0010767744638121412
2024-05-05,-0.010938014796010975,-0.004056325013339964,-0.00043816667089675116,0.0010767744638121412
2024-05-06,-0.001995882176892394,-0.0009421134418540918,-0.0009389555372837761,0.0010767744638121412
2024-05-07,-0.014582477043942887,1.9792846695976165e-06,-0.0010465017305581648,0.0010767744638121412
2024-05-08,0.004622949579758284,0.0008964206951649126,-0.0015524141292537715,0.0010767744638121412
2024-05-09,-0.029530776626129907,0.0010079989527622187,-0.000847215989492338,0.0010767744638121412
2024-05-10,0.008164517578336472,0.006183686537424475,-0.0010575076162666849,0.0010767744638121412
2024-05-11,0.004440243672508615,0.00656638408475469,0.00016563532946149576,0.0010767744638121412
2024-05-12,0.02858071359418446,0.002711956442480748,-0.00047377366624356057,0.0010767744638121412
2024-05-13,-0.02589675957842985,-0.0013282142035222478,0.0007066028304776181,0.0010767744638121412
2024-05-14,0.07115755362591436,-0.0021400189673836155,-0.0022739398959687814,0.0010767744638121412
2024-05-15,-0.014307834416317888,-0.0054199393502766735,0.002099531368203723,0.0010767744638121412
2024-05-16,0.02908487494027412,-0.0019482791187817696,0.00034855747207632724,0.0010767744638121412
2024-05-17,-0.002193719680819939,-0.0023120584581961838,0.0015549759034088036,0.0010767744638121412
2024-05-18,-0.013294628392555907,0.0009864484694635525,0.0014455181337707608,0.0010767744638121412
2024-05-19,0.05886688581215438,0.0020639898714747956,6.763295268883188e-05,0.0010767744638121412
2024-05-20,-0.011383905713271858,-7.066137096147797e-05,0.003056691388966742,0.0010767744638121412
2024-05-21,0.004824908721438703,0.0018423743300779968,0.0010869618076827033,0.0010767744638121412
2024-05-22,-0.03635753339131931,0.0028240140918724286,0.001336326176350789,0.0010767744638121412
2024-05-23,0.03018903361284231,0.0038095814980098315,-0.0012954209046383684,0.0010767744638121412
2024-05-24,-0.00031810295236489594,0.00305480275438831,0.0013861501183159365,0.0010767744638121412
2024-05-25,-0.004071967775995944,-0.0014332467887652447,-0.0002914093218676296,0.0010767744638121412
2024-05-26,0.00462135478958281,0.0006314846489279668,0.00019428072165119672,0.0010767744638121412
2024-05-27,-0.012200682117780914,-0.0014148083686911794,0.00016876052745245802,0.0010767744638121412
2024-05-28,-0.01689441219624399,-0.00025996713792293485,-0.0003187753615567729,0.0010767744638121412
2024-05-29,0.021215839150272586,-0.0007643576753215049,-0.0023831184907397453,0.0010767744638121412
2024-05-30,-0.01562164725391213,-0.007128525634133455,-0.002120861176323842,0.0010767744638121412
2024-05-31,0.00180364029321467,-0.0064195998511049224,-0.00379775776198971,0.0010767744638121412
2024-06-01,0.0004577841849062736,-0.0073457630282344364,-0.0037516315063995764,0.0010767744638121412
2024-06-02,0.021225024252769842,-0.004196485640906395,-0.002332051189195685,0.0010767744638121412
2024-06-03,0.018047928859095563,-0.006275261067967212,-0.000687685710406134,0.0010767744638121412
2024-06-04,0.01182543943472325,-0.003346506256249252,0.002399955401086918,0.0010767744638121412
2024-06-05,-0.011640917948092522,-0.0017988692585444996,0.003063163913508794,0.0010767744638121412
2024-06-06,-0.01762557530000919,-0.0008242709739686635,0.0010999712788911104,0.0010767744638121412
2024-06-07,0.003273655786600216,0.00021002118559258114,-0.0008147235069379372,0.0010767744638121412
2024-06-08,0.003535604016501992,0.001092199830849403,-5.0857816424033486e-05,0.0010767744638121412
2024-06-09,-0.0033340549674178988,-0.0005038637386361995,-4.2926672476853054e-05,0.0010767744638121412
2024-06-10,-0.03020591882992285,0.0010272962966744767,0.00019251157593191666,0.0010767744638121412
2024-06-11,0.0017935895117684453,0.0005509284763575708,-0.002985064928930931,0.0010767744638121412
2024-06-12,-0.014244298982152515,-0.0009121061903221001,-0.0025325624649945957,0.0010767744638121412
2024-06-13,-0.016402872816762226,-0.004080318995457647,-0.004822636944884049,0.0010767744638121412
2024-06-14,0.0096501641714557,-0.005974469763049793,-0.006089224161173676,0.0010767744638121412
2024-06-15,0.005730674708985362,-0.008527707791980192,-0.005333258294932896,0.0010767744638121412
2024-06-16,0.002133061751230514,-0.00801159294530083,-0.004411742385976743,0.0010767744638121412
2024-06-17,-0.03425243268559619,-0.00611218259103184,-0.0033397462428421264,0.0010767744638121412
2024-06-18,0.0071022696129947605,-0.005736201884791524,-0.006409243705412432,0.0010767744638121412
2024-06-19,0.0020177911270664595,-0.007715513584843763,-0.005909172559000395,0.0010767744638121412
2024-06-20,-0.01215269889138959,-0.00803241425611095,-0.00556100096908081,0.0010767744638121412
2024-06-21,0.0010896977945566988,-0.004968200539636506,-0.0052124086654782124,0.0010767744638121412
2024-06-22,-0.002539278371504139,-0.006271916846411529,-0.005546113982425899,0.0010767744638121412
2024-06-23,-0.07851395428371255,-0.005770475434088055,-0.005606939091880031,0.0010767744638121412
2024-06-24,0.04478988350913049,0.0017579430832088962,-0.006685516794463943,0.0010767744638121412
2024-06-25,-0.016740400207474693,-0.0029809988673000195,-0.002710103221270455,0.0010767744638121412
2024-06-26,0.0067526396398847055,-0.003728023735177879,-0.004251687830759732,0.0010767744638121412
2024-06-27,-0.023060764619774687,-0.005029922600845222,-0.0037094009471486254,0.0010767744638121412
2024-06-28,0.0163737450071455,-0.0022982260962796383,-0.004484810771444409,0.0010767744638121412
2024-06-29,0.015964667500691476,-0.0047196955879677425,-0.003694336159551634,0.0010767744638121412
2024-06-30,0.019821620828881947,-0.00545078032559058,-0.0027893839434551134,0.0010767744638121412
2024-07-01,-0.021599111803460858,-0.003729521842733845,-0.0006929243375999739,0.0010767744638121412
2024-07-02,-0.03622988043546371,-0.002556297609883575,-0.00302868702930756,0.0010767744638121412
2024-07-03,-0.023483382574960743,-0.001918863129893027,-0.0056426773848988875,0.0010767744638121412
2024-07-04,-0.03119613410922817,0.004640302142827546,-0.003361338682031615,0.0010767744638121412
2024-07-05,0.02468526831651907,0.002694367961776291,-0.0038622059376376594,0.0010767744638121412
2024-07-06,-0.012555158227121055,-0.0001453565999129762,-0.0021273035284556925,0.0010767744638121412
2024-07-07,-0.011598873357822725,-0.0013991947564859096,-0.0031705709270454766,0.0010767744638121412
2024-07-08,0.023998493119103514,-0.00035269428970918977,-0.0029630660610819987,0.0010767744638121412
2024-07-09,-0.008226071168872195,-0.0037794165569261934,-0.0021355470774579647,0.0010767744638121412
2024-07-10,-0.000191706097712796,-0.005172323143073067,-0.0036743745082731074,0.0010767744638121412
2024-07-11,0.004052849060801833,-0.007412180662323325,-0.004648887698606571,0.0010767744638121412
2024-07-12,0.01799463659074263,-0.006373623784194932,-0.004111389992761491,0.0010767744638121412
2024-07-13,0.02173870334543082,-0.004326021080718113,-0.0022660288000162484,0.0010767744638121412
2024-07-14,0.05637030478791871,-0.002409406918691703,-0.0003200518341371485,0.0010767744638121412
2024-07-15,0.027742410488956537,-0.0007509332804722967,0.0037565522636690296,0.0010767744638121412
2024-07-16,-0.009678290315918048,-0.0015853048961012026,0.003149691673319847,0.0010767744638121412
2024-07-17,-0.016708956952141918,0.002304579954659578,0.0016727279129779278,0.0010767744638121412
2024-07-18,0.05695718142195183,0.005413981528680373,0.0006526916140408064,0.0010767744638121412
2024-07-19,0.0005204964166072301,0.0002290967342394748,0.0024616152477607302,0.0010767744638121412
2024-07-20,0.0029542557542345804,0.0034702700498763306,0.002319274622965598,0.0010767744638121412
2024-07-21,0.011393489155848258,0.005481509858080025,0.00273397688934174,0.0010767744638121412
2024-07-22,-0.04016087621735487,0.005730875767958243,0.0032437797068941756,0.0010767744638121412
2024-07-23,0.0009759222476652951,0.007567416432181286,0.0004368668773953564,0.0010767744638121412
2024-07-24,-0.01456966197691223,0.005186597623696643,0.0006440311382964249,0.0010767744638121412
2024-07-25,0.05052516053205203,0.0011575818637391728,-0.0010575941359878224,0.0010767744638121412
2024-07-26,0.003932680021227597,-0.004521180776855756,0.0015084461620625228,0.0010767744638121412
2024-07-27,-0.0025515455084104133,-0.002827976590888643,0.0015252988213838108,0.0010767744638121412
2024-07-28,-0.012231845591411883,0.00012526384806258524,0.001993510821378,0.0010767744638121412
2024-07-29,-0.02114986834089727,-0.0043423525363575945,-0.0013146881599270803,0.0010767744638121412
2024-07-30,-0.00957952320087152,-0.004898762618581781,-0.003617678128891974,0.0010767744638121412
2024-07-31,-0.028828415941685392,-0.005982108801349674,-0.00419110532515129,0.0010767744638121412
2024-08-01,-0.013308120817395519,-0.00665687771264758,-0.0057984564849168745,0.0010767744638121412
2024-08-02,-0.03821020887299831,-0.004770036169736807,-0.00494582353347223,0.0010767744638121412
2024-08-03,-0.016175025722761305,-0.0034823065980171116,-0.005475244966769818,0.0010767744638121412
2024-08-04,-0.10223314300243835,-0.0023737994809624272,-0.0037734510544545755,0.0010767744638121412
2024-08-05,0.0601020543149513,0.001717255187106943,-0.004279654078148546,0.0010767744638121412
2024-08-06,-0.03646937794931482,-0.008342156670224692,-0.002300238378813419,0.0010767744638121412
2024-08-07,0.08234093029932943,-0.007222034423376871,-0.003343261569439077,0.0010767744638121412
2024-08-08,0.020573295531338687,-0.01386086272260879,-0.000619843249848599,0.0010767744638121412
2024-08-09,0.005340093694995218,-0.01193063847540792,-0.0003860849148872095,0.0010767744638121412
2024-08-10,-0.023075269211886962,-0.009644234506246524,-0.001058595448975031,0.0010767744638121412
2024-08-11,-0.009774095775577862,-0.003917602470285757,-0.00151314377209592,0.0010767744638121412
2024-08-12,0.0300267758512458,-0.0010434143116787623,-0.0008481676613581184,0.0010767744638121412
2024-08-13,-0.03223068953618835,-0.0004260448052479436,0.0009749281766379314,0.0010767744638121412
2024-08-14,-0.03225195897780253,0.0042634495938362865,0.0002761100455328455,0.0010767744638121412
2024-08-15,0.045302660159102004,0.012229165042377312,0.001448522051707387,0.0010767744638121412
2024-08-16,-0.003725836748360578,0.004635331487711307,0.00262838049061917,0.0010767744638121412
2024-08-17,0.004111054442990536,0.007329862916980148,0.0026022888107156885,0.0010767744638121412
2024-08-18,-0.012536813679433934,0.0018425266239768914,0.0008664160501144461,0.0010767744638121412
2024-08-19,0.008425759236443398,0.0001264661649112563,-0.001173785502582818,0.0010767744638121412
2024-08-20,0.035171909495891995,-0.001423684588653738,-0.0011489838584443036,0.0010767744638121412
2024-08-21,-0.02116324863548158,-0.0007928120467000997,0.001549470305474485,0.0010767744638121412
2024-08-22,0.05465347366871676,0.0012479367962627917,-0.00041938607456839085,0.0010767744638121412
2024-08-23,0.008488205845450736,-0.0031558680691007417,0.0018321347528662503,0.0010767744638121412
2024-08-24,-0.0003580797622007026,-7.039137330963684e-05,0.0017143880752499437,0.0010767744638121412
2024-08-25,-0.01401870134679406,0.003967895542091366,0.0020501429227048145,0.0010767744638121412
2024-08-26,-0.020210441862770878,0.0028677376528467276,0.0003077860981267693,0.0010767744638121412
2024-08-27,-0.05227841122816024,0.0038940694287711115,-0.0007862572996235895,0.0010767744638121412
2024-08-28,0.005958645791597661,0.00493777934865958,-0.003203659394409759,0.0010767744638121412
2024-08-29,-0.009274947161740599,0.002474078457719406,-0.002197811614076923,0.0010767744638121412
2024-08-30,0.002602949776463248,-0.0011312451789764566,-0.003850539744334029,0.0010767744638121412
2024-08-31,-0.006118311758402939,-0.005678148046224484,-0.004635634959960893,0.0010767744638121412
2024-09-01,-0.0009064400617226909,-0.0043993378521773275,-0.003918075340457249,0.0010767744638121412
2024-09-02,-0.007264016829051201,-0.009554392757520952,-0.005511058517003356,0.0010767744638121412
2024-09-03,0.00010340548747578282,-0.010869320105821527,-0.006387627405106105,0.0010767744638121412
2024-09-04,-0.035146098767423695,-0.010231132399733694,-0.005315413173195968,0.0010767744638121412
2024-09-05,-0.04637977694841844,-0.008867953470192709,-0.00731583580361486,0.0010767744638121412
2024-09-06,0.017257307395604826,-0.00501933511401045,-0.006966217837074526,0.0010767744638121412
2024-09-07,-0.0013792471498224046,-0.004272393067132116,-0.004105179952217493,0.0010767744638121412
2024-09-08,0.04959605068816941,-0.006356887979692266,-0.004651947825165429,0.0010767744638121412
2024-09-09,0.015086230818365465,-0.0073254778020135835,-0.001025651809804073,0.0010767744638121412
2024-09-10,-0.0056567205286217614,-0.006029787503433409,-0.0002362195843746129,0.0010767744638121412
2024-09-11,0.01268720044985372,-0.003341160276370404,-0.00043363014806739337,0.0010767744638121412
2024-09-12,0.03641352478036097,-0.0017743419725197225,0.0008660347670866263,0.0010767744638121412
2024-09-13,-0.008842347981563137,-0.0013995091225384585,0.0029416596063673076,0.0010767744638121412
2024-09-14,-0.014806132392028104,0.0005890555358836183,0.0014802745534075485,0.0010767744638121412
2024-09-15,-0.015646890781658485,0.004211491956309287,0.0010045691920293651,0.0010767744638121412
2024-09-16,0.035505889452469575,0.007255423166366908,0.0007533072123985345,0.0010767744638121412
2024-09-17,0.023609920903627568,0.004470946011499054,0.0028222157904061107,0.0010767744638121412
2024-09-18,0.018974562229082892,0.0044941474226945525,0.003994400380713288,0.0010767744638121412
2024-09-19,0.004296445004408511,0.0006828768327150519,0.002623142772488668,0.0010767744638121412
2024-09-20,0.0024175401859345413,0.0012830463397344421,0.0021758980524383474,0.0010767744638121412
2024-09-21,0.0031356632245884697,0.0030335356006844887,0.002334620925464659,0.0010767744638121412
2024-09-22,-0.0037513441634526856,0.0034718930149941667,0.0025657498047255488,0.0010767744638121412
2024-09-23,0.014657157799973675,0.0014252780754363203,0.0011918629416773569,0.0010767744638121412
2024-09-24,-0.017472011957897493,0.0023835269144676027,0.002908940430447525,0.0010767744638121412
2024-09-25,0.03161061808975063,0.0038744972501304053,0.0013321193447512186,0.0010767744638121412
2024-09-26,0.009255083014908294,0.0033490760995702395,0.0037435718406900018,0.0010767744638121412
2024-09-27,0.0014431441774878095,0.0016348272255450496,0.0032988346547174452,0.0010767744638121412
2024-09-28,-0.0041832472756677674,0.001539415329824472,0.0030327006515446417,0.0010767744638121412
2024-09-29,-0.03567401550867366,0.0013945454237902835,0.0024073372748082667,0.0010767744638121412
2024-09-30,-0.0402120103036836,0.0015708250036823347,-0.000894463084308599,0.0010767744638121412
2024-10-01,-0.0028491220761885927,-0.00045562324429238477,-0.004565861976951189,0.0010767744638121412
2024-10-02,0.001828982458956574,-0.004219256347487685,-0.005062723078597647,0.0010767744638121412
2024-10-03,0.02175520968594391,-0.005728603169638381,-0.0044269253295790584,0.0010767744638121412
2024-10-04,-0.0002899858249474363,-0.007552885403662865,-0.0023757609870430785,0.0010767744638121412
2024-10-05,0.012027980397570914,-0.0059574466410249,-0.002092218125788205,0.0010767744638121412
2024-10-06,-0.00963007138295957,-0.007873324822210865,-0.001741596757697932,0.0010767744638121412
2024-10-07,-0.0012706584201893634,-0.00789649089631409,-0.003106546521431871,0.0010767744638121412
2024-10-08,-0.025279429511885,-0.00793626193309519,-0.003456287353801582,0.0010767744638121412
2024-10-09,-0.0050306245426945395,-0.008034287135769286,-0.006099697910015097,0.0010767744638121412
2024-10-10,0.035431066971730374,-0.004974276461930383,-0.004420708599867568,0.0010767744638121412
2024-10-11,0.011811098257901165,-0.002118891286565088,0.0004195998912546275,0.0010767744638121412
2024-10-12,-0.005474335926464846,-0.0008144647908697341,0.001339586001714248,0.0010767744638121412
2024-10-13,0.04997976203108401,0.0005804898269534205,0.000732192218573405,0.0010767744638121412
2024-10-14,0.014887866904192748,-0.0009981452726649913,0.004246538239283877,0.0010767744638121412
2024-10-15,0.008330720944570658,7.079732823838682e-05,0.0038525285011070582,0.0010767744638121412
2024-10-16,-0.0034070573790483394,0.0011785639766923198,0.0034898733191986047,0.0010767744638121412
2024-10-17,0.01513886303794898,0.00422083727908328,0.003304702957674655,0.0010767744638121412
2024-10-18,-0.0008919498467481191,0.0047641539029974304,0.00412391965935183,0.0010767744638121412
2024-10-19,0.009492682478340342,0.008263616332029858,0.00465114561408066,0.0010767744638121412
2024-10-20,-0.024511498448122282,0.009237550973010204,0.005483153592520256,0.0010767744638121412
2024-10-21,0.0006235062033024263,0.007897342670935833,0.002346703114633816,0.0010767744638121412
2024-10-22,-0.011658327487596765,0.0068003214708384,0.00262357477839505,0.0010767744638121412
2024-10-23,0.023064930574172138,0.007089529139853421,0.002036554183589898,0.0010767744638121412
2024-10-24,-0.023410330377874544,0.0019154960892843428,0.002811659709111758,0.0010767744638121412
2024-10-25,0.006363201863017309,0.0005748043023126286,-0.0004556754654491018,0.0010767744638121412
2024-10-26,0.013858130052007311,-0.0009721662643639038,-7.41531680358387e-05,0.0010767744638121412
2024-10-27,0.028727602259223772,-0.0006513636983967689,0.0016367806288872808,0.0010767744638121412
2024-10-28,0.03941707776835024,-0.002061867283940596,0.003426257179075756,0.0010767744638121412
2024-10-29,-0.0054873982999996684,-0.00436445105488499,0.0038637745581609115,0.0010767744638121412
2024-10-30,-0.029462997288742798,-0.0017800836313952805,0.0025226979243530845,0.0010767744638121412
2024-10-31,-0.010606951672551546,0.002308457220332634,2.1149336742451235e-05,0.0010767744638121412
2024-11-01,-0.0023051443718369313,0.0026013165925546176,-0.00045231260835755386,0.0010767744638121412
2024-11-02,-0.008575537097094355,0.002965106435809145,-0.00012298584098409501,0.0010767744638121412
2024-11-03,-0.013474529420657078,0.0008236167283347314,-0.0011849709295817922,0.0010767744638121412
2024-11-04,0.02285747161942986,0.0023341755025496867,-0.0013165479497074545,0.0010767744638121412
2024-11-05,0.0862604633929056,0.0005334261576724556,0.000879978218666212,0.0010767744638121412
2024-11-06,0.0037477445256897113,-0.005251259621293978,0.0054746138115486665,0.0010767744638121412
2024-11-07,0.008394482735715414,-0.003767882549848095,0.0033651994075680376,0.0010767744638121412
2024-11-08,0.0021006903466975757,-0.0042557340792123985,0.0020972553182462264,0.0010767744638121412
2024-11-09,0.04713657406800387,-0.0007203847980467579,0.00230374301531163,0.0010767744638121412
2024-11-10,0.09872368195513737,-0.0019929141425358695,0.0036776578584280344,0.0010767744638121412
2024-11-11,-0.008359729908217872,-0.012035582233462067,0.0034003588939581987,0.0010767744638121412
2024-11-12,0.027892842814674523,-0.0013573202737965854,0.0028337374526550886,0.0010767744638121412
2024-11-13,-0.03585346969487446,0.0004787968258678822,0.002771218082716406,0.0010767744638121412
2024-11-14,0.0419000432879173,0.010653298535359788,0.0011575309828112264,0.0010767744638121412
2024-11-15,-0.00508593220827791,0.005335563012035757,0.0024404064192201183,0.0010767744638121412
2024-11-16,-0.008278477369366044,0.0027673354429669826,0.00034176887260831167,0.0010767744638121412
2024-11-17,0.0072184065987173085,0.006471464256104626,0.001174510311664195,0.0010767744638121412
2024-11-18,0.020904246579917185,0.0070137952736167766,0.00284328712769201,0.0010767744638121412
2024-11-19,0.02086833011093603,0.005779238289875252,0.00422194729889,0.0010767744638121412
2024-11-20,0.042303947182219304,0.0019528882839413826,0.00462937463850553,0.0010767744638121412
2024-11-21,0.005692192171215638,-0.013136075513688618,0.00040004449489039907,0.0010767744638121412
2024-11-22,-0.012582234003509996,-0.007222272314110128,0.001148410165863706,0.0010767744638121412
2024-11-23,0.0023699840495226,-0.004911623730312657,-0.0007339550690473591,0.0010767744638121412
2024-11-24,-0.052063138251496,0.002225709060538107,0.0023975260469534347,0.0010767744638121412
2024-11-25,-0.011970104484273492,0.0026300337488598955,-0.003257622429296369,0.0010767744638121412
2024-11-26,0.04311333658314531,0.0022973117617473846,-0.0024843006969280726,0.0010767744638121412
2024-11-27,-0.0033083066508137193,-0.002421434418884506,0.0016274627760055726,0.0010767744638121412
2024-11-28,0.019164755465871153,-0.0009738293600055341,0.0014833593319137567,0.0010767744638121412
2024-11-29,-0.01104402495288781,-0.003843511865980571,0.0021144405331198855,0.0010767744638121412
2024-11-30,0.008775065082534894,-0.0033818344166865535,2.350817541209131e-05,0.0010767744638121412
2024-12-01,-0.014828125685934168,-0.00844584375697348,-0.001313611863212714,0.0010767744638121412
2024-12-02,0.0006986990924815473,-0.006657955695310655,-0.002714164688968673,0.0010767744638121412
2024-12-03,0.029247227164260536,-0.004247808293404728,-0.0012676886340343423,0.0010767744638121412
2024-12-04,-0.01752585327086109,-0.005251492285142674,0.001981743949400589,0.0010767744638121412
2024-12-05,0.028851230650955628,0.003831122655662685,0.0020650848530297033,0.0010767744638121412
2024-12-06,0.0003102683846396559,0.0030435728819109527,0.004267094246241025,0.0010767744638121412
2024-12-07,0.012678347945222157,5.3687324923743255e-05,0.0017068013785495877,0.0010767744638121412
2024-12-08,-0.037614162759439296,0.0018516730770255386,0.003154802071155802,0.0010767744638121412
2024-12-09,-0.008448606787244017,0.004164105157089632,-0.0013198000761546172,0.0010767744638121412
2024-12-10,0.04603312601020626,0.005056841303636474,-0.0011658810635168403,0.0010767744638121412
2024-12-11,-0.011258683334620656,-0.0008158383238476834,0.0023608661284039802,0.0010767744638121412
2024-12-12,0.013568244360444126,0.004664209136949404,0.002029496730895195,0.0010767744638121412
2024-12-13,-0.0005226386467249711,0.004757650382395205,0.003249892248285377,0.0010767744638121412
2024-12-14,0.029592702095060375,0.002708229355141676,0.0015402842746759376,0.0010767744638121412
2024-12-15,0.015639273624989514,0.003250579536219265,0.0043992631636764565,0.0010767744638121412
2024-12-16,0.0010741544422998572,-0.0004640248574158954,0.0025548474489130706,0.0010767744638121412
2024-12-17,-0.0585026740383352,0.002840283597501306,0.0024177980969526543,0.0010767744638121412
2024-12-18,-0.02812951253966922,0.00836832474871171,-0.003020515036635378,0.0010767744638121412
2024-12-19,0.003945991232372492,0.013101729560528144,-0.0022092605722110353,0.0010767744638121412
2024-12-20,-0.005631621635709294,0.010984901175413403,0.000100178735048364,0.0010767744638121412
2024-12-21,-0.021975934951591114,0.00227134996276935,-0.0029177659692711864,0.0010767744638121412
2024-12-22,-0.0036660948734486,0.003976712858601904,-0.003285445404116533,0.0010767744638121412
2024-12-23,0.03978884887183298,-0.0006353321719512349,-0.00414232293903341,0.0010767744638121412
2024-12-24,0.007859817196413488,-0.006204060795676182,-0.0013710089804760454,0.0010767744638121412
2024-12-25,-0.03780806196944475,-0.010196633740184464,-0.0034400751889185617,0.0010767744638121412
2024-12-26,-0.016002026951158044,-0.007818949316767588,-0.007590102723343756,0.0010767744638121412
2024-12-27,0.010258559012566337,-0.008117189111397437,-0.008576228151167788,0.0010767744638121412
2024-12-28,-0.016768103905896226,-0.00235144596243966,-0.004013014092308009,0.0010767744638121412
2024-12-29,-0.009979404461132546,0.0023059230658871825,-0.003517098716623883,0.0010767744638121412
2024-12-30,0.008096426660982203,0.001258979394635975,-0.004078510582833461,0.0010767744638121412
2024-12-31,0.010726048010427647,-0.0006478921739470828,-0.003383631825996236,0.0010767744638121412
2025-01-01,0.02633780928253593,0.0012849510248813313,-0.001152929682355326,0.0010767744638121412
2025-01-02,0.012571945732048562,0.0019207391059598083,0.0022865665530871606,0.0010767744638121412
2025-01-03,0.0007741594136323471,-0.0023404010067317963,0.000584376429221409,0.0010767744638121412
2025-01-04,0.001200797962498612,-0.0015377718064634083,-0.0005060851732852827,0.0010767744638121412
2025-01-05,0.03941549160514235,0.005245295382134581,0.001639454134517862,0.0010767744638121412
2025-01-06,-0.05356002796608372,0.004253627436246242,0.004728472245785086,0.0010767744638121412
2025-01-07,-0.019593254295351414,0.009119598446162268,-0.0017085407704249172,0.0010767744638121412
2025-01-08,-0.026898272640465848,0.011148695575366937,-0.0019056180123767199,0.0010767744638121412
2025-01-09,0.02307252377211988,0.011708193284596892,-0.0029652975694000852,0.0010767744638121412
2025-01-10,-0.0014159668451281249,0.005278894543470357,-0.0010838948423419785,0.0010767744638121412
2025-01-11,-0.0007510644840404979,0.002508027367543294,-0.0020629134251855734,0.0010767744638121412
2025-01-12,8.465518888378654e-05,-0.0021736479327230896,-0.003835553489699955,0.0010767744638121412
2025-01-13,0.021128578761997474,-0.0035679257607427123,-0.0036816928451336895,0.0010767744638121412
2025-01-14,0.04049580144131859,-0.005746111959450307,-0.002174681218022143,0.0010767744638121412
2025-01-15,-0.005356968623352998,-0.007955720644278214,0.0006463373063466042,0.0010767744638121412
2025-01-16,0.04061432104463236,-0.009749371947398116,-0.0029285009136840096,0.0010767744638121412
2025-01-17,0.0030399678178625322,-0.005177313517813945,0.0018808892319782885,0.0010767744638121412
2025-01-18,-0.031110140913808593,0.0015264667122301047,0.0026129329686566797,0.0010767744638121412
2025-01-19,0.008889908973653604,0.011090141988901667,0.0016602683160334,0.0010767744638121412
2025-01-20,0.038489555818486565,0.00622684349578916,0.0008296241930018421,0.0010767744638121412
2025-01-21,-0.02399760503314674,0.002269620863659827,0.0031511767562662977,0.0010767744638121412
2025-01-22,0.002900298325769768,0.007998070741448704,0.0014174692712616878,0.0010767744638121412
2025-01-23,0.008831982616751333,0.008590503200463855,0.002524959225344895,0.0010767744638121412
2025-01-24,-0.001116449615713222,0.005057053295859552,0.0020207238147895643,0.0010767744638121412
2025-01-25,-0.020887253557551944,0.0004994373526140392,-0.00019915161250841362,0.0010767744638121412
2025-01-26,-0.004719963028893659,0.003975702700642908,-0.0009633525508477158,0.0010767744638121412
2025-01-27,-0.007847342391340106,-0.0034835111807496088,-0.0038597816562204903,0.0010767744638121412
2025-01-28,0.02394780824050713,-0.0054375148830373655,-0.005118784171404926,0.0010767744638121412
2025-01-29,0.00950675073727858,-0.003805372867039007,-0.0006061059490418727,0.0010767744638121412
2025-01-30,-0.02245810052788144,-0.004766537057695766,-0.00025820156565727753,0.0010767744638121412
2025-01-31,-0.017473973298814727,-0.00793219897012649,-0.005210117051853782,0.0010767744638121412
2025-02-01,-0.02988427899953905,-0.003847217908834546,-0.005142917902879091,0.0010767744638121412
2025-02-02,0.03798942245747838,-0.0027335704357431692,-0.006602074591481143,0.0010767744638121412
2025-02-03,-0.03685364588893236,-0.007427738137247551,-0.0013104840539963718,0.0010767744638121412
2025-02-04,-0.012057759255956313,-0.003598026933345007,-0.004251227107853086,0.0010767744638121412
2025-02-05,-0.0004244592091158239,-0.0015423051982696725,-0.003479607146538427,0.0010767744638121412
2025-02-06,-0.0003935621568285086,-0.0031991560766798204,-0.003128354835279131,0.0010767744638121412
2025-02-07,-0.0006528260864886448,-0.003505060717515455,-0.0026367018110146057,0.0010767744638121412
2025-02-08,5.182716677687438e-05,-0.00859675913487492,-0.00486213328372069,0.0010767744638121412
2025-02-09,0.010229740761374728,-0.010946016795268203,-0.005841316093522312,0.0010767744638121412
2025-02-10,-0.017751976084339205,-0.008582036982170143,-0.003669374320596308,0.0010767744638121412
2025-02-11,0.021980268904101763,-0.004309683889674414,-0.004359038757949093,0.0010767744638121412
2025-02-12,-0.012904466278859772,-0.0022651441676984517,-0.0006351171190518764,0.0010767744638121412
2025-02-13,0.009199279902670554,-0.006230381551431797,-0.004712547089975649,0.0010767744638121412
2025-02-14,0.0007277908793863475,-0.0005794142163383675,-0.000774343815531405,0.0010767744638121412
2025-02-15,-0.015063029031422204,0.0012887545290669242,-0.00041307187190261466,0.0010767744638121412
2025-02-16,-0.0037518803391076716,0.0021727238028411405,-0.002233727849814737,0.0010767744638121412
2025-02-17,-0.001672031489318826,-0.0002211660507129953,-0.003928815032353882,0.0010767744638121412
2025-02-18,0.010715094144043036,8.575975978208764e-05,-0.003146046389819275,0.0010767744638121412
2025-02-19,0.017386925775520368,-0.0005690207019212158,-0.0015251846641604907,0.0010767744638121412
2025-02-20,-0.02268851050865983,-0.0015347481882080972,0.0004347389761523127,0.0010767744638121412
2025-02-21,0.0045769995264510754,0.002395911628778014,-0.0017767694827460646,0.0010767744638121412
2025-02-22,-0.003215203408661438,-0.0018031033238024225,-0.002754280433637987,0.0010767744638121412
2025-02-23,-0.05014467858359417,-0.0005149117460191692,-0.0026451436203011407,0.0010767744638121412
2025-02-24,-0.03306802158250299,1.2424851900162638e-05,-0.008014904249923509,0.0010767744638121412
2025-02-25,-0.05219926062915725,0.002493681931282973,-0.006543278061804285,0.0010767744638121412
2025-02-26,0.006733473369401111,0.006179942320620749,-0.006324667204114221,0.0010767744638121412
2025-02-27,-0.003764208990123308,-0.0009524921842544961,-0.005440996598237841,0.0010767744638121412
2025-02-28,0.0200999992764217,-0.003449234260914066,-0.00445806121982115,0.0010767744638121412
2025-03-01,0.09146388480574252,-0.010093920210707824,-0.004482791185933881,0.0010767744638121412
2025-03-02,-0.08998879553930195,-0.021213789250957835,-0.0004525468707949139,0.0010767744638121412
2025-03-03,0.012456908485296125,-0.0030797263869738337,-0.0042653805766129736,0.0010767744638121412
2025-03-04,0.03791267714909807,-0.0075562190144751904,-0.004369680257601453,0.0010767744638121412
2025-03-05,-0.0076774745773846576,-0.012350321574721474,-0.003284683912802721,0.0010767744638121412
2025-03-06,-0.03576398406176473,-0.0030121529243110996,-0.001371519498643585,0.0010767744638121412
2025-03-07,-0.006556793905199143,0.006321104343071388,-0.000774090227746568,0.0010767744638121412
2025-03-08,-0.06573966298574696,0.010659280389398833,0.0010297999180045646,0.0010767744638121412
2025-03-09,-0.026962309862998524,0.014829555198868338,-0.0014011372179544234,0.0010767744638121412
2025-03-10,0.05338565460567324,0.012792298062879306,-0.0012875676409465613,0.0010767744638121412
2025-03-11,0.009021678233311903,1.64367216054877e-05,0.00021457006288603132,0.0010767744638121412
2025-03-12,-0.03085873791845728,-0.01406412052523739,-0.005457947405065826,0.0010767744638121412
2025-03-13,0.03509514748839493,0.0005592325848643796,-0.002200181172404889,0.0010767744638121412
2025-03-14,0.004420106767476284,-0.006518083270919506,-0.0018187344592752674,0.0010767744638121412
2025-03-15,-0.02147450438203613,-0.011774474974704047,-0.004869921091755521,0.0010767744638121412
2025-03-16,0.018042298880981633,-0.007958135817727561,-0.005656482950475742,0.0010767744638121412
2025-03-17,-0.01610607270579756,-0.005827435322004123,-0.0029106819821009392,0.0010767744638121412
2025-03-18,0.04898876104002525,-0.0034568057087891743,-0.003779682909272219,0.0010767744638121412
2025-03-19,-0.03169374065053532,-0.0011973823548861635,0.0015735815810749884,0.0010767744638121412
2025-03-20,-0.0011532586776858977,0.007385627231646493,0.001089029621674717,0.0010767744638121412
2025-03-21,-0.002835292933667688,0.002528113601096161,-0.00026534313736570206,0.0010767744638121412
2025-03-22,0.02661613089822268,0.0008422198673692703,-0.0011524498588285199,0.0010767744638121412
2025-03-23,0.016452363082150256,0.0019690442433311145,0.0021439188699109673,0.0010767744638121412
2025-03-24,-0.0008688296497325609,-0.0028036211339065977,0.000852813266034959,0.0010767744638121412
2025-03-25,-0.005999478846757,-0.0018556772871954205,9.086493809738055e-05,0.0010767744638121412
2025-03-26,0.0035145787676320595,0.0018452279928116867,0.00040209746670515057,0.0010767744638121412
2025-03-27,-0.03310364161222523,-0.0002741583765958236,-0.00019244524624945276,0.0010767744638121412
2025-03-28,-0.021212027339112538,0.0026989811619639835,-0.002749872500340333,0.0010767744638121412
2025-03-29,-0.0030187878678340496,-0.004590392446389196,-0.006950927822514658,0.0010767744638121412
2025-03-30,0.0021710530853731314,-0.003376326797199878,-0.005207242197465359,0.0010767744638121412
2025-03-31,0.03139046579815563,-0.005219131450242266,-0.004526555783561313,0.0010767744638121412
2025-04-01,-0.03182672368195405,-0.0067621080197784325,-0.0010209806666642706,0.0010767744638121412
2025-04-02,0.007607170485792736,-0.007896213577045907,-0.005559781524415726,0.0010767744638121412
2025-04-03,0.008611708299714138,-0.011485698663458803,-0.005760492263187901,0.0010767744638121412
2025-04-04,-0.004110953578136289,-0.011835555159935118,-0.004820603736700636,0.0010767744638121412
2025-04-05,-0.063846603024448,-0.011000285500232836,-0.005375618226980393,0.0010767744638121412
2025-04-06,0.009970298952234558,-0.005122461010935573,-0.007821985524292092,0.0010767744638121412
2025-04-07,-0.03711543273936613,-0.003605771533642446,-0.003456516181230818,0.0010767744638121412
2025-04-08,0.08001042214027798,-0.0007173285159610919,-0.004518113445157599,0.0010767744638121412
2025-04-09,-0.03765139006680762,-0.00892543514631001,0.0009133876082184403,0.0010767744638121412
2025-04-10,0.04715868849672589,-0.004356855673766328,-0.0022058025305284586,0.0010767744638121412
2025-04-11,0.022413157032584508,-0.012490290850985967,-0.0015191449412820606,0.0010767744638121412
2025-04-12,-0.018487265074927706,-0.008481512486816932,0.0004033869837960424,0.0010767744638121412
2025-04-13,0.010350964398744722,-0.00473660842761251,-0.0014379872350481927,0.0010767744638121412
2025-04-14,-0.010661601326415138,-0.005634705382829125,-0.001424846555441491,0.0010767744638121412
2025-04-15,0.004292568535332109,-0.0031082592548123365,-0.0020035142636150717,0.0010767744638121412
2025-04-16,0.010745665528547832,0.004948106744155092,0.0021185764384006327,0.0010767744638121412
2025-04-17,-0.005737169116892815,0.0034462078860021004,0.002387365284364832,0.0010767744638121412
2025-04-18,0.007089927479434266,0.008374752357242736,0.0033479133679717716,0.0010767744638121412
2025-04-19,0.0015152674879139738,-0.00023694905883360463,0.0006817228143024237,0.0010767744638121412
2025-04-20,0.02671797520677721,0.004427314912067994,0.002548480473638134,0.0010767744638121412
2025-04-21,0.06606227250071406,-0.003144516514102278,0.0016023187200345176,0.0010767744638121412
2025-04-22,0.0026601016695586566,-0.012934498630574684,0.0014949173646373356,0.0010767744638121412
2025-04-23,0.002982850832065509,-0.005505244850121478,0.0017238087023566172,0.0010767744638121412
2025-04-24,0.00758735413364775,-0.0026054479925756383,0.0013247655726838642,0.0010767744638121412
2025-04-25,-0.0006758612207349302,0.0006668314064574431,0.0021183412698375843,0.0010767744638121412
2025-04-26,-0.009478341520299693,0.003023563703255387,0.0021292495183366494,0.0010767744638121412
2025-04-27,0.013474066461430567,0.004371380947971093,0.0013593039464190313,0.0010767744638121412
2025-04-28,-0.007986267265616576,0.005073009439449812,0.003568360827196502,0.0010767744638121412
2025-04-29,-0.0011036474542507335,0.0062304375769384945,0.0030005661394955784,0.0010767744638121412
2025-04-30,0.024687174163144476,0.006985666561995602,0.0036934642804072036,0.0010767744638121412
2025-05-01,0.004031846669212413,0.0015526616480014516,0.004165510645210481,0.0010767744638121412
2025-05-02,-0.01046467512511029,-0.005103968017886737,0.0011359729093441523,0.0010767744638121412
2025-05-03,-0.016821961923080053,-0.0030017171026588997,0.00025929525103521355,0.0010767744638121412
2025-05-04,0.004327110395863087,-0.0021239168099258044,-0.0013248045097688601,0.0010767744638121412
2025-05-05,0.02181365501940391,-0.00407191398020773,-0.0008850464834499671,0.0010767744638121412
2025-05-06,0.0024759127097091493,-0.005536571771378293,0.0012398265183198934,0.0010767744638121412
2025-05-07,0.06199223906290996,-0.0021445209081393662,0.0025563868366616283,0.0010767744638121412
2025-05-08,-0.0026181579255641907,-0.011487018436311036,0.003458993813182397,0.0010767744638121412
2025-05-09,0.017498040291121342,-0.004378447165720784,0.0032524146007414,0.0010767744638121412
2025-05-10,-0.006509130946943387,-0.002093319681548563,0.004338091580326748,0.0010767744638121412
2025-05-11,-0.012884073357106729,-0.000581499202513688,0.0024675396639855913,0.0010767744638121412
2025-05-12,0.012941692532784543,0.0018453304627461685,0.0010167707167381584,0.0010767744638121412
2025-05-13,-0.0058170495235785324,0.0033419575280184714,0.003389652813181613,0.0010767744638121412
2025-05-14,0.002527446310809367,0.0077929686586997475,0.004235666444689283,0.0010767744638121412
2025-05-15,-0.0027689490385487403,0.008312928110523081,0.005050779076794843,0.0010767744638121412
2025-05-16,-0.0034162590868689335,0.006625271098312115,0.004090230148832174,0.0010767744638121412
2025-05-17,0.03211943799293948,0.007136902883588386,0.004078287095860479,0.0010767744638121412
2025-05-18,-0.008466078038612324,-0.0044890593432548925,0.0030907258495974795,0.0010767744638121412
2025-05-19,0.01160609233503429,-0.0009469487582367795,0.002268062510280766,0.0010767744638121412
2025-05-20,0.026112494710712753,-0.003117876187668173,0.0023204732797190396,0.0010767744638121412
2025-05-21,0.018616321757827237,-0.004369785886399917,0.0034761745329385395,0.0010767744638121412
2025-05-22,-0.04030270832020122,-0.0014684052355466947,0.004961271964241232,0.0010767744638121412
2025-05-23,0.004369498603528754,0.00203282798481654,-0.001310060204235305,0.0010767744638121412
2025-05-24,0.011703158930611579,0.0025607600967724915,0.0002022901882796881,0.0010767744638121412
2025-05-25,0.0036607281793177293,0.0019678250247435153,0.0019016186734717138,0.0010767744638121412
2025-05-26,-0.0044678899489980495,0.0035628383396152956,0.0028514576626642056,0.0010767744638121412
2025-05-27,-0.01078468506953989,0.005871402495847877,0.0030387113142472783,0.0010767744638121412
2025-05-28,-0.020929677850988426,0.0019481336419860783,-0.00021500629569412284,0.0010767744638121412
2025-05-29,-0.014732247443834723,0.0034053504554515347,-0.0021098676242733813,0.0010767744638121412
2025-05-30,0.005865456723995521,0.00035720111583535273,-0.00421370159394481,0.0010767744638121412
2025-05-31,0.01006896993250983,-0.006372027840650315,-0.00499774123094787,0.0010767744638121412
2025-06-01,0.0018902703988654679,-0.010702041266706177,-0.0048889747612937025,0.0010767744638121412
2025-06-02,-0.004267626971090621,-0.0042906018384964465,-0.002061126923154806,0.0010767744638121412
2025-06-03,-0.006746013908761839,-0.004498679434713644,-0.0030702699820983298,0.0010767744638121412
2025-06-04,-0.03088891457432652,-0.006352350517773576,-0.005014916351714995,0.0010767744638121412
2025-06-05,0.027522713000388777,-0.004274798861576689,-0.007381860001114326,0.0010767744638121412
2025-06-06,0.011675655937988694,-0.006743723040577076,-0.003241959738911076,0.0010767744638121412
2025-06-07,0.0016366228683999395,-0.005208584477198161,-0.0014457135711772825,0.0010767744638121412
2025-06-08,0.0417924853291467,-0.0007367681900469407,-0.00012659795622075058,0.0010767744638121412
2025-06-09,-0.00013599336373282256,0.00045961108186872595,0.005401600977578209,0.0010767744638121412
2025-06-10,-0.014742012425138284,0.003871929782587405,0.004580887473584521,0.0010767744638121412
2025-06-11,-0.027491248985594297,0.005446998755374897,0.0015327345031734467,0.0010767744638121412
2025-06-12,0.003653549749930818,0.00683884775626346,-0.001977068135397842,0.0010767744638121412
2025-06-13,-0.006182020047502235,0.0057114092631427565,-0.0007709800950744246,0.0010767744638121412
2025-06-14,0.0014496807083066443,0.0059117960412775825,-0.0009638879279162053,0.0010767744638121412
2025-06-15,0.011410082083529005,0.009393890556022171,0.001487508563912495,0.0010767744638121412
2025-06-16,-0.021238848987945147,0.0041810569439144196,0.0012732098653521354,0.0010767744638121412
2025-06-17,0.0032266407000172137,0.003385957736803123,-0.0022958146873803555,0.0010767744638121412
2025-06-18,-0.0022327188321931146,0.0015639643065078293,-0.0018843554330337442,0.0010767744638121412
2025-06-19,-0.013192245322036555,-0.006539877926468845,-0.005682605800179895,0.0010767744638121412
2025-06-20,-0.01145762211742607,-0.007947596157580913,-0.008202707710806134,0.0010767744638121412
2025-06-21,-0.011065610022415129,-0.005609123147159921,-0.007579765426356787,0.0010767744638121412
2025-06-22,0.04310064179016315,-0.0006738750652797536,-0.005135300848550376,0.0010767744638121412
2025-06-23,0.006304517680154831,-0.005014388023369603,-0.0001467385144295801,0.0010767744638121412
2025-06-24,0.012053585661366384,-0.0027732771929285145,0.00032580715304884596,0.0010767744638121412
2025-06-25,-0.0038615488564470724,-0.0010794524314568876,0.001838093002114178,0.0010767744638121412
2025-06-26,0.0008967605129601708,-0.0007542108715318178,7.539490697116907e-05,0.0010767744638121412
2025-06-27,0.0023129160501191848,0.0037669040772470123,0.0016078153310655722,0.0010767744638121412
2025-06-28,0.009604583131539002,0.0038065235568618006,0.0014481555642432268,0.0010767744638121412
2025-06-29,-0.011180142711081587,0.004557613397914681,0.0028826540151642775,0.0010767744638121412
2025-06-30,-0.013810298031419421,0.008067652429449942,0.0022365295170334947,0.0010767744638121412
2025-07-01,0.02960224351205376,0.009934254061983741,0.0012495621519261156,0.0010767744638121412
2025-07-02,0.006982955438553873,0.008472920214199955,0.005316983999183171,0.0010767744638121412
2025-07-03,-0.014838498836285297,0.002512453226663554,0.0027613405883572073,0.0010767744638121412
2025-07-04,0.001914247855349771,0.0035589473714731975,0.00030812257013416804,0.0010767744638121412
2025-07-05,0.009132231597911655,0.001402773150076249,-0.00012786787122840999,0.0010767744638121412
2025-07-06,-0.008698105592950256,0.0015727843915782356,0.0013620371397835983,0.0010767744638121412
2025-07-07,0.0060764155772510264,0.0007349703976269554,-0.0011496107957436638,0.0010767744638121412
2025-07-08,0.021250924577378427,0.0003305111889780627,-4.326237188469781e-05,0.0010767744638121412
2025-07-09,0.0417449467609341,-0.001873471374637915,0.0019393070668052561,0.0010767744638121412
2025-07-10,0.013253051307120955,-0.004607567747163773,0.004159609831275732,0.0010767744638121412
2025-07-11,-0.0009785444295413726,0.00012288676128248085,0.004983298265640817,0.0010767744638121412
2025-07-12,0.014125400225974971,0.00020114540132813046,0.00265593689361409,0.0010767744638121412
2025-07-13,0.006225596852049264,0.0005381972575376843,0.003323868170791091,0.0010767744638121412
2025-07-14,-0.01775782204802745,0.0041778497186219605,0.0039062301729531367,0.0010767744638121412
2025-07-15,0.008025854225348183,0.008516133005043622,0.0025249763067382745,0.0010767744638121412
2025-07-16,0.004680818486187732,0.005891314056601008,0.0023895584292488517,0.0010767744638121412
2025-07-17,-0.010560703636443236,0.008237385957244494,0.004231195640617287,0.0010767744638121412
2025-07-18,-0.0008985412026181194,0.00918050036662954,0.0030361744855740658,0.0010767744638121412
2025-07-19,-0.0049053253447635115,0.005836034431662093,0.002026826674662969,0.0010767744638121412
2025-07-20,0.0008348383624543487,-0.0008934696327197575,-0.0011235019716353115,0.0010767744638121412
2025-07-21,0.02168138566678124,-0.0032460723728610632,-0.0012464317021213867,0.0010767744638121412
2025-07-22,-0.010032576696373141,-0.004852761175088,0.0014910102787821051,0.0010767744638121412
2025-07-23,-0.00392984145495312,-0.005504670598386239,-0.001446960144783166,0.0010767744638121412
2025-07-24,-0.005881372885470526,-0.007800377438097267,-0.0038286941194180008,0.0010767744638121412
2025-07-25,0.002622924492525769,-0.0030534284581595515,-0.0018933373468901361,0.0010767744638121412
2025-07-26,0.012694384788623836,-0.0053814145174866075,-0.002528477190408409,0.0010767744638121412
2025-07-27,-0.011940189009420621,-0.006037226582699247,-0.0005673620512897182,0.0010767744638121412
2025-07-28,-0.0010594253820617183,-0.0016129976612114687,-0.0008534097640706508,0.0010767744638121412
2025-07-29,-0.0007804547393099881,-0.0013299661608731897,-0.0007039056853263615,0.0010767744638121412
2025-07-30,-0.017844161394798164,-0.00035826880896144657,-0.00025759536715619325,0.0010767744638121412
2025-07-31,-0.02189674066805125,-0.0016747385935339764,-0.004241667725401152,0.0010767744638121412
2025-08-01,-0.006387194216756598,-0.0052936051619756645,-0.007935734423032909,0.0010767744638121412
2025-08-02,0.015030183980385914,-0.005651633978944752,-0.007385171101345353,0.0010767744638121412
2025-08-03,0.0071965662547786025,-0.0069082941124950495,-0.004093669236561671,0.0010767744638121412
2025-08-04,-0.00801107328223516,-0.006022391304868185,-0.0024888868232895334,0.0010767744638121412
2025-08-05,0.007828528873455198,-0.006095397020051615,-0.0043832209057828465,0.0010767744638121412
2025-08-06,0.021373021102972345,-0.008414145172494244,-0.00406541341165137,0.0010767744638121412
2025-08-07,-0.0071736931750123745,-0.005434972201774995,0.0004788136619506603,0.0010767744638121412
2025-08-08,-0.0015439382060833395,-0.003209491062492708,-0.0012560411383825422,0.0010767744638121412
2025-08-09,0.023876794257912337,-0.0023086396406516987,-0.0018174576333486229,0.0010767744638121412
2025-08-10,-0.005024756183884094,0.0014302561560790115,0.0036039746756870803,0.0010767744638121412
2025-08-11,0.011682620446320513,0.005735228973418349,0.0026268356374544006,0.0010767744638121412
2025-08-12,0.026723897664874485,0.007531412688329139,0.004627817801097317,0.0010767744638121412
2025-08-13,-0.04108886432484482,0.004168393672924557,0.005929773047216437,0.0010767744638121412
2025-08-14,-0.008039392010758206,0.007751157013359575,-0.0011193375987224477,0.0010767744638121412
2025-08-15,0.00011919661495696232,0.00832309409024728,-0.0011389850412568147,0.0010767744638121412
2025-08-16,0.0002553734851069578,0.0052890162102968005,-0.0013771900257601088,0.0010767744638121412
2025-08-17,-0.010481155177895829,4.343790195689037e-05,-0.0029915532345530763,0.0010767744638121412
2025-08-18,-0.029635354434049077,0.0012241292289238792,-0.003380206545483815,0.0010767744638121412
2025-08-19,0.012266094891680623,0.0016895003164478205,-0.006549882534586176,0.0010767744638121412
2025-08-20,-0.01579850708161068,-0.0064137877400588785,-0.006235186642663726,0.0010767744638121412
2025-08-21,0.03853757485723719,-0.005700632699975603,-0.00737624135320814,0.0010767744638121412
2025-08-22,-0.012906849053990754,-0.012130087638250787,-0.0034807180426585263,0.0010767744638121412
2025-08-23,-0.016726042046480316,-0.014933050419628084,-0.008037874090940882,0.0010767744638121412
2025-08-24,-0.029893019773728824,-0.005175352340000474,-0.005844809930998958,0.0010767744638121412
2025-08-25,0.014888254673653734,-0.0014835271710001983,-0.007011157717717785,0.0010767744638121412
2025-08-26,-0.004617579183006981,-0.006013386689469419,-0.00530577237126811,0.0010767744638121412
2025-08-27,0.011686321317533555,-0.007097465635161579,-0.006133098937690132,0.0010767744638121412
2025-08-28,-0.03819548852705523,-0.006292028893056769,-0.0034632058193610573,0.0010767744638121412
2025-08-29,0.004281991357743209,0.0026300260999605977,-0.004525496971233249,0.0010767744638121412
2025-08-30,-0.005140594288194578,-0.0031745793758326275,-0.005260618034391245,0.0010767744638121412
2025-08-31,0.008965041447762445,-0.0020682425778767444,-0.004801948532942796,0.0010767744638121412
2025-09-01,0.018088137500866353,-0.01091601084129631,-0.006898080618127618,0.0010767744638121412
2025-09-02,0.004672717103561652,-0.009856774267889064,-0.003914850196429636,0.0010767744638121412
2025-09-03,-0.00909644664126752,-0.006215457585956009,-0.0026665023807537452,0.0010767744638121412
2025-09-04,-0.0007045561587819549,0.0001789682797135113,-0.0020869036965542316,0.0010767744638121412
2025-09-05,-0.00403817798808781,-0.002386932350479866,-0.003507657052613101,0.0010767744638121412
2025-09-06,0.008321071471190322,-0.0016120930602138374,-0.003856180035017799,0.0010767744638121412
2025-09-07,0.008546830859195609,-0.0028937517548993643,-0.002471788784348219,0.0010767744638121412
2025-09-08,-0.005070909542070012,0.004125646330061962,0.001944779910041207,0.0010767744638121412
2025-09-09,0.021790600532360926,0.003887944242565,0.00037970515537783943,0.0010767744638121412
2025-09-10,0.013463023742962932,0.00427055586392712,0.0038554875633163388,0.0010767744638121412
2025-09-11,0.00496458900633634,0.003000374955721934,0.0039133131982548,0.0010767744638121412
2025-09-12,-0.001094407857983981,0.0009898620008976999,0.0021558883650560873,0.0010767744638121412
2025-09-13,-0.005524756512283346,0.0019510363186372433,0.0013183756235754722,0.0010767744638121412
2025-09-14,0.0003900680067996376,0.004684197386628995,0.0011802629693886215,0.0010767744638121412
2025-09-15,0.012488104969715863,0.005072225858003798,0.001564701766007885,0.0010767744638121412
2025-09-16,-0.0030859724294014512,0.0056322532549647935,0.003970959040121969,0.0010767744638121412
2025-09-17,0.005547911936393035,0.005152729329043301,0.0027919809797748983,0.0010767744638121412
2025-09-18,-0.012223820423654885,0.003593192401953412,0.0028052494291475744,0.0010767744638121412
2025-09-19,0.0004925235884414292,0.0047285216421630435,0.0008471878957406755,0.0010767744638121412
2025-09-20,-0.004042403070645406,0.0004653671217865476,-0.0004485796723328853,0.0010767744638121412
2025-09-21,-0.022374888072342003,-0.002539766205610359,-0.002206850178773787,0.0010767744638121412
2025-09-22,-0.006371091908178528,-0.00478954288179273,-0.0066658025822245275,0.0010767744638121412
2025-09-23,0.011661267019933419,-0.007221092363269749,-0.007505852777958379,0.0010767744638121412
2025-09-24,-0.03884280346919766,-0.007743190999534363,-0.004404158428126987,0.0010767744638121412
2025-09-25,0.006172379312317844,-0.005446286901103375,-0.008356675487938316,0.0010767744638121412
2025-09-26,-0.00015498575529626635,-0.011236072114543633,-0.008167509820157874,0.0010767744638121412
2025-09-27,0.02275181291909334,-0.012801363967281732,-0.008203192046840684,0.0010767744638121412
2025-09-28,0.01920776496269383,-0.014839334949862464,-0.004948957810874826,0.0010767744638121412
2025-09-29,-0.0027490343169134235,-0.011670221639912642,-0.0013020258157080832,0.0010767744638121412
2025-09-30,0.0395612167310162,-0.009307153794660438,-0.0023179636228367684,0.0010767744638121412
2025-10-01,0.016249103754748973,-0.009163277489777865,0.0026274379843188272,0.0010767744638121412
2025-10-02,0.013963671642244435,-0.003992238769639581,0.003952158917586204,0.0010767744638121412
2025-10-03,0.001086827836612514,-0.0013014668674675137,0.0040601549290112905,0.0010767744638121412
2025-10-04,0.008765709079312956,0.0008484610243766723,0.002782779606791403,0.0010767744638121412
2025-10-05,0.009740375985478167,0.008838582558284439,0.005965856019574136,0.0010767744638121412
2025-10-06,-0.02708567475847623,0.00968223721557075,0.006543919910674932,0.0010767744638121412
2025-10-07,0.015935615475195064,0.01443607210392432,0.0034175411143801686,0.0010767744638121412
2025-10-08,-0.013467392575831738,0.008635439163280493,0.003981915091784442,0.0010767744638121412
2025-10-09,-0.07416549465941813,0.007711634485773162,0.0015769308828178336,0.0010767744638121412
2025-10-10,-0.019950608084435828,0.015617169560393412,-0.0035869745572319465,0.0010767744638121412
2025-10-11,0.03831261920911544,0.003756286579069495,-0.00713857013381842,0.0010767744638121412
2025-10-12,0.0015193942711597686,-0.009455878669546256,-0.004541694777031591,0.0010767744638121412
2025-10-13,-0.019155979176140647,-0.013445190707003138,-0.005744326034190622,0.0010767744638121412
2025-10-14,-0.020314971330829934,-0.011995517015738569,-0.007321989395277714,0.0010767744638121412
2025-10-15,-0.023726057004596512,-0.013396766013778755,-0.009591959721259685,0.0010767744638121412
2025-10-16,-0.01611721009879119,-0.014293763853754757,-0.010912562398891993,0.0010767744638121412
2025-10-17,0.006963190758190407,-0.009096940622581704,-0.0077276654150166164,0.0010767744638121412
2025-10-18,0.013561790781420058,-0.01761867551970425,-0.009521589048088627,0.0010767744638121412
2025-10-19,0.017294651728976262,-0.01842456090538233,-0.00761803648048325,0.0010767744638121412
2025-10-20,-0.020169487853126,-0.00693162807734704,-0.0007331519105787849,0.0010767744638121412
2025-10-21,-0.007195574810154426,0.00038198246623699704,-0.0008897657559039326,0.0010767744638121412
2025-10-22,0.023114769665017576,-0.006654146383499306,-0.005176076444502383,0.0010767744638121412
2025-10-23,0.008392543042729628,-0.010547424867364116,-0.004104067711087095,0.0010767744638121412
2025-10-24,0.005648692429925717,-0.005303923861407309,-0.0011999100087489462,0.0010767744638121412
2025-10-25,0.025489955289529576,-0.001234988181717993,6.275369735171438e-05,0.0010767744638121412
2025-10-26,-0.003936117602192368,0.001960739783984206,0.003832888466064549,0.0010767744638121412
2025-10-27,-0.010360139530849466,0.0075618216884713275,0.0038325391611871208,0.0010767744638121412
2025-10-28,-0.02589812085848031,0.008738128971456864,0.0019470331091542795,0.0010767744638121412
2025-10-29,-0.015865206547807986,0.008646416505582837,-0.001514180544197473,0.0010767744638121412
2025-10-30,0.011457024248270997,0.004907622919404697,-0.0038332077766449,0.0010767744638121412
2025-10-31,0.004489968882039008,0.0030955230466573336,-0.002011995555551478,0.0010767744638121412
2025-11-01,0.004379430058174094,0.002549137964761523,-0.0011948624056479398,0.0010767744638121412
2025-11-02,-0.03669138948467321,-0.0019918599669561856,-0.0023995183145145518,0.0010767744638121412
2025-11-03,-0.0488718208425869,-0.0004905757911684691,-0.006328963745243603,0.0010767744638121412
2025-11-04,0.023368211991044774,0.004152548527875992,-0.006604814492085075,0.0010767744638121412
2025-11-05,-0.02516352689989354,-0.008807830456459562,-0.006785446931916102,0.0010767744638121412
2025-11-06,0.01946688119607387,-0.008001564133367485,-0.008177130025254503,0.0010767744638121412
2025-11-07,-0.00962252208530856,-0.011644932154221225,-0.005975792736590603,0.0010767744638121412
2025-11-08,0.02337406103059614,-0.007715222736079272,-0.005382666587487959,0.0010767744638121412
2025-11-09,0.012028036046549673,-0.008746576250719132,-0.0028098463439448335,0.0010767744638121412
2025-11-10,-0.02830029958024305,-0.011166158271388362,-0.003464591256113842,0.0010767744638121412
2025-11-11,-0.013486644683498028,-0.007413061050719083,-0.006111735145168695,0.0010767744638121412
2025-11-12,-0.020045092857220226,-0.008134182885745418,-0.007521751245904691,0.0010767744638121412
2025-11-13,-0.052647803093629264,-0.001624132482752818,-0.005688424963268577,0.0010767744638121412
2025-11-14,0.010839473026782898,0.01106918251713907,-0.002899079048192791,0.0010767744638121412
2025-11-15,-0.014252373274286967,-0.0005381270559340352,-0.004518839538699035,0.0010767744638121412
2025-11-16,-0.022385509260486103,0.0017872291243791526,-0.003269334911227368,0.0010767744638121412
2025-11-17,0.008745387147293116,-0.0014825984829020097,-0.005123469550377863,0.0010767744638121412
2025-11-18,-0.015587266802482347,-0.004078018834944695,-0.0035188680834690087,0.0010767744638121412
2025-11-19,-0.055598274935896086,-0.00870910759225746,-0.0066571174434615875,0.0010767744638121412
2025-11-20,-0.017099614135512198,-0.006204116109837159,-0.009097760957472625,0.0010767744638121412
2025-11-21,-0.0044892527924620396,-0.003383493185659018,-0.005880524734724248,0.0010767744638121412
2025-11-22,0.02477354624800121,-0.007499504897876769,-0.006834479229600602,0.0010767744638121412
2025-11-23,0.016838414748024277,-0.010814987669924808,-0.004827650855319238,0.0010767744638121412
2025-11-24,-0.010774100850236223,-0.0061887955718226305,-0.0015311393753776018,0.0010767744638121412
2025-11-25,0.03539017758068752,-0.006919680038451919,-0.003969852895296078,0.0010767744638121412
2025-11-26,0.009328897921843549,-0.009034133963028546,-0.0019901310760785432,0.0010767744638121412
2025-11-27,-0.004521567422052897,-0.004923007920863861,-0.0008928049746783988,0.0010767744638121412
2025-11-28,-0.000891358830921618,-0.0034586046076188863,-0.0018820559791057024,0.0010767744638121412
2025-11-29,-0.004966513900519942,-0.0012962531520596908,-0.0020607583972684787,0.0010767744638121412
2025-11-30,-0.04631982724641581,0.006209978854562028,0.0002343413513904416,0.0010767744638121412
2025-12-01,0.05642548231948652,0.012826069055302905,-0.0007028788575064466,0.0010767744638121412
2025-12-02,0.0235111386044089,0.0063928481307341505,0.0042199177102782105,0.0010767744638121412
2025-12-03,-0.014754410184664835,0.0017732869776046721,0.003524260935340814,0.0010767744638121412
2025-12-04,-0.030368658549354777,0.0026720781511310253,0.0008615046554591838,0.0010767744638121412
2025-12-05,-0.0011086413561258723,0.005912272995977516,-0.0012725096051545448,0.0010767744638121412
2025-12-06,0.01286935948793122,-0.0011424808764950091,-0.0036039077402174936,0.0010767744638121412
2025-12-07,0.0026953300972945016,-0.004489217663228399,-0.002679009024112534,0.0010767744638121412
2025-12-08,0.02231962798414422,-0.004391884427887187,-0.002165788982734152,0.0010767744638121412
2025-12-09,-0.007134728827269399,-0.005863751557613934,-0.00034727553047690695,0.0010767744638121412
2025-12-10,0.005363918650992616,-0.003518374000778917,-0.0008983810308234078,0.0010767744638121412
2025-12-11,-0.02468315634475715,0.002366915287239507,0.0020332617436330533,0.0010767744638121412
2025-12-12,-0.0001218573273771284,-0.0030140417739463023,-0.003287785770360488,0.0010767744638121412
2025-12-13,-0.02353999341000268,-0.007866644102160553,-0.004770893991080112,0.0010767744638121412
2025-12-14,-0.020072161371411212,-0.005331875949510445,-0.005437383154912906,0.0010767744638121412
2025-12-15,0.01642457512875417,-0.0033380409274370556,-0.005660007065356503,0.0010767744638121412
2025-12-16,-0.018706953731388865,-0.006556208492380617,-0.0036334757601771393,0.0010767744638121412
2025-12-17,-0.008795746236216928,-0.008271536877357105,-0.005969184183358664,0.0010767744638121412
2025-12-18,0.03036734742671321,-0.009393902335141256,-0.006264548125183468,0.0010767744638121412
2025-12-19,0.002596093715711234,-0.015306016072976181,-0.0047104048431132264,0.0010767744638121412
2025-12-20,0.0035262242686560086,-0.014175366260628425,-0.004878164170236194,0.0010767744638121412
2025-12-21,-0.001094962716992498,-0.014289935438055247,-0.005121143582878077,0.0010767744638121412
2025-12-22,-0.012684726973704485,-0.009974523804672312,-0.0038046356784775964,0.0010767744638121412
2025-12-23,0.002079668002789248,-0.009160370974924033,-0.0053269684586234895,0.0010767744638121412
2025-12-24,-0.004954895505486334,-0.0066043394093143045,-0.0037969687408365067,0.0010767744638121412
2025-12-25,0.0014214643473771105,-0.0041300789404369815,-0.003286622352895944,0.0010767744638121412
2025-12-26,0.005870746590961318,-0.005441783055625719,-0.002989388363163446,0.0010767744638121412
2025-12-27,0.0006830601358487343,-0.003320410578770309,-0.0013427301039673854,0.0010767744638121412
2025-12-28,-0.00858344936949429,-0.002069910073865297,-0.0009401487540980202,0.0010767744638121412
2025-12-29,0.014483840934598646,-0.005643315648686584,-0.003628272172695991,0.0010767744638121412
2025-12-30,-0.01016576303993233,-0.005669041906435102,-0.0013478802292161808,0.0010767744638121412
2025-12-31,0.013982432269516565,-0.005975447735753095,-0.0033753448940155198,0.0010767744638121412
2026-01-01,0.013700684421680265,-0.005725157061683362,-0.0012718294603136027,0.0010767744638121412
2026-01-02,0.0070676369570747966,-0.0031734626299359837,0.0013045591071210165,0.0010767744638121412
2026-01-03,0.010006069502308534,-0.0017906964930807132,0.0020040808845262514,0.0010767744638121412
2026-01-04,0.025624861307440128,-0.000331503085794334,0.002972627922398241,0.0010767744638121412
2026-01-05,-0.0017485131435179824,-0.0020619397913811998,0.0036866745409800156,0.0010767744638121412
2026-01-06,-0.026371233850777998,0.00014414560980602754,0.0029213139813542635,0.0010767744638121412
2026-01-07,-0.0026549076503581404,0.00129516446642349,-0.0011994800955694618,0.0010767744638121412
2026-01-08,-0.0057397660072116,0.002008917225309035,-0.0005896897655919488,0.0010767744638121412
2026-01-09,-0.0014152093112276276,-0.0004075799779970086,-0.0018415634839031498,0.0010767744638121412
2026-01-10,0.00540679040126868,-0.00021490795105183198,-0.0015312737069190711,0.0010767744638121412
2026-01-11,0.0035481480868408966,-0.0022578127091190574,-0.0010547610687064771,0.0010767744638121412
2026-01-12,0.04472204978481997,-0.0035706597632661694,-0.0007816146986781756,0.0010767744638121412
2026-01-13,0.016390740721968555,-0.0056194165665967325,0.0038529382429889282,0.0010767744638121412
2026-01-14,-0.01418065618485187,-0.005339693836919144,0.003822870114092557,0.0010767744638121412
2026-01-15,-0.000586086736680258,-0.005701705228484317,-0.00037642196639124247,0.0010767744638121412
2026-01-16,-0.004280460179813872,-0.00415404283802803,-0.00043268586815095275,0.0010767744638121412
2026-01-17,-0.01565073349877899,0.0002443366828928026,0.0004999706847774128,0.0010767744638121412
2026-01-18,-0.011557842037202448,0.0009341277762204961,-0.0013055395182634973,0.0010767744638121412
2026-01-19,-0.04693579123732583,0.0011229771329149235,-0.001965205380343587,0.0010767744638121412
2026-01-20,0.011908520492291075,0.0026602836188863964,-0.00538603679165499,0.0010767744638121412
2026-01-21,0.001006497585500199,-0.0016126155082704407,-0.0031565043635570556,0.0010767744638121412
2026-01-22,0.00032410020567930076,-0.004437604274650569,-0.003481984777117549,0.0010767744638121412
2026-01-23,-0.004524539866343602,-0.011656904708144705,-0.005998597625632606,0.0010767744638121412
2026-01-24,-0.0287171894752003,-0.014893504653207794,-0.007919972035078614,0.0010767744638121412
2026-01-25,0.01922102031128503,-0.0113219304401371,-0.008891525919504548,0.0010767744638121412
2026-01-26,0.010012373502517491,-0.013742258230322787,-0.006504084076740441,0.0010767744638121412
2026-01-27,0.00037015642335447296,-0.013675507580466017,-0.005419027301745363,0.0010767744638121412
2026-01-28,-0.05341572988634269,-0.010882725306344076,-0.004707458084428264,0.0010767744638121412
2026-01-29,-0.004743279378114806,-0.004121942090111561,-0.007087833813145131,0.0010767744638121412
2026-01-30,-0.06754632862003263,0.0006687761995606393,-0.0033652528752319186,0.0010767744638121412
2026-01-31,-0.022467075421706895,0.005010613677493363,-0.0050970532719922905,0.0010767744638121412
2026-02-01,0.022861224224337562,0.00084328923295046,-0.005908481657552046,0.0010767744638121412
2026-02-02,-0.038934988842758145,-0.0050539856332999485,-0.0035880086764501135,0.0010767744638121412
2026-02-03,-0.03581661175417139,-0.002567705664744919,-0.004515901931656149,0.0010767744638121412
2026-02-04,-0.15058398867830114,0.0008902964928974787,-0.003967473892347549,0.0010767744638121412
2026-02-05,0.11617687701330226,0.013399426824574243,-0.003482898457812272,0.0010767744638121412
2026-02-06,-0.018386947817068844,-0.0079388066405749,3.98680648993348e-05,0.0010767744638121412
2026-02-07,0.014864567138802798,-0.009689140060855266,-0.0029060767584235905,0.0010767744638121412
2026-02-08,-0.002692750439198477,-0.007301462847227171,-0.0011531853743566851,0.0010767744638121412
2026-02-09,-0.01860438408170495,-0.007813802056561493,-0.002315955757950209,0.0010767744638121412
2026-02-10,-0.025749462828153824,0.0006308189791146524,-0.0005642791027423047,0.0010767744638121412
2026-02-11,-0.012697153921935822,0.003917596449914485,-0.0006100935073021516,0.0010767744638121412
2026-02-12,0.0385919508006598,-0.0007061501201889055,-0.003065793742080831,0.0010767744638121412
2026-02-13,0.014126913291999443,-0.00259767787138177,-0.0008794231157606826,0.0010767744638121412
2026-02-14,-0.014417602518197015,-0.00015854182617896302,0.00023269695238525802,0.0010767744638121412
2026-02-15,0.0010896491681737785,0.014135538542738678,0.003645568153208865,0.0010767744638121412
2026-02-16,-0.020523696880999864,0.0032206292286038113,-0.0007670862492922806,0.0010767744638121412
2026-02-17,-0.015579919749891147,0.006203098967469444,-0.0009301898240860937,0.0010767744638121412
2026-02-18,0.0082160614501543,0.00495085462024501,-0.0016724012760893012,0.0010767744638121412
2026-02-19,0.015100498100293791,0.0024705773704717694,-0.0013573004685619827,0.0010767744638121412
2026-02-20,-0.0003824710619007021,-0.0003716428173488838,-0.0019768906146552245,0.0010767744638121412
2026-02-21,-0.005222098046493429,0.0006217717928739856,-0.0022922709059416705,0.0010767744638121412
2026-02-22,-0.045106782813126856,0.0013572372635807025,-0.0025321398373571507,0.0010767744638121412
2026-02-23,-0.008874165580918358,-6.232343278631111e-06,-0.005781603057320858,0.0010767744638121412
2026-02-24,0.05961493229514048,-0.0031048973983229975,-0.006078162741682847,0.0010767744638121412
2026-02-25,-0.0074696616926637205,-0.00533027358839166,-0.0005095949828141677,0.0010767744638121412
2026-02-26,-0.024297064940610014,-0.004821895275550331,-0.0020468822199919776,0.0010767744638121412
2026-02-27,0.016815974373196596,-0.0021369565102915353,-0.0033010288472194948,0.0010767744638121412
2026-02-28,-0.018289702030745758,-0.002280954715604566,-0.0013425511385161968,0.0010767744638121412
2026-03-01,0.04532991922525298,-0.0024401774993788724,-0.0029745168771478816,0.0010767744638121412
2026-03-02,-0.007072216824346,-0.0054154003717488885,0.0005200471648669279,0.0010767744638121412
2026-03-03,0.06178086635329372,-0.0041389615862156,-0.0006370515242604593,0.0010767744638121412
2026-03-04,-0.02500356599527187,-0.008878802801557596,0.0010736596075481535,0.0010767744638121412
2026-03-05,-0.04003124240097655,-0.000695863786866023,0.00010824813591905338,0.0010767744638121412
2026-03-06,-0.012483265596653581,0.003279472642536925,-0.0018139466593613562,0.0010767744638121412
2026-03-07,-0.019423624070114442,-0.0026439206388799716,-0.004181054576234413,0.0010767744638121412
2026-03-08,0.03687149599606343,-0.0023698201607785813,-0.004313682424033488,0.0010767744638121412
2026-03-09,0.021819152492213334,-0.004106966549921231,-0.0008972897368850845,0.0010767744638121412
2026-03-10,0.0033247984736952674,-0.006480123919282396,-0.00031632314753586317,0.0010767744638121412
2026-03-11,0.004732643404397052,-0.0038627440548975513,0.00020061975501474687,0.0010767744638121412
2026-03-12,0.005937336318266873,-0.006694195491379226,-0.0008962602184514092,0.0010767744638121412
2026-03-13,0.00378428638186179,-0.005303329532309819,-0.00031150530248956823,0.0010767744638121412
2026-03-14,0.02239609328519343,-0.011041553357626634,-0.0031140802813060405,0.0010767744638121412
2026-03-15,0.027691723198003615,-0.008288389800413605,-0.0002582552509584617,0.0010767744638121412
2026-03-16,-0.012741765353343482,-0.004522680003634045,0.00265870157756027,0.0010767744638121412
2026-03-17,-0.036770519624672815,-0.0010255648430027022,0.0012456942162098754,0.0010767744638121412
2026-03-18,-0.01895509365656345,0.0032503133196324823,-0.0007727183614173625,0.0010767744638121412
2026-03-19,0.008275044905659001,0.00011505716787341635,-0.0025185695318316573,0.0010767744638121412
2026-03-20,-0.022839772841045658,-0.0038276757285103727,-0.0022175072080805364,0.0010767744638121412
2026-03-21,-0.015354546013032433,-0.004030485898583479,-0.003762996799659001,0.0010767744638121412
2026-03-22,0.043583871101494864,-0.005388541605746533,-0.004539002811789752,0.0010767744638121412
2026-03-23,-0.005148453402814113,-0.009798056925774014,-0.001751023352043986,0.0010767744638121412
2026-03-24,0.011028175512574734,-0.008912938057642055,-0.0024700506253890176,0.0010767744638121412
2026-03-25,-0.036011886779119706,-0.010804995494030774,-0.002574111036241462,0.0010767744638121412
2026-03-26,-0.03581906989838579,-0.011516858904533805,-0.006616784641926934,0.0010767744638121412
2026-03-27,-0.0005728067687531535,-0.008269334090848337,-0.006958045152914824,0.0010767744638121412
2026-03-28,-0.005549059787918864,-0.007469120030004048,-0.005635058774885878,0.0010767744638121412
2026-03-29,0.011712083233591741,-0.0066699036000486215,-0.0047865549827749345,0.0010767744638121412
2026-03-30,0.02199486944808271,-0.008980039755279761,-0.004058853529494453,0.0010767744638121412
2026-03-31,-0.0016579007149939429,-0.007658417189895198,-0.0016952728924859548,0.0010767744638121412
2026-04-01,-0.017957102169525285,-0.004225101682924616,-0.0007806784413964425,0.0010767744638121412
2026-04-02,0.0008069698720856167,-0.007622702117535059,-0.004379079211675099,0.0010767744638121412
2026-04-03,0.00515518819782379,-0.007800495349910686,-0.004414249457786708,0.0010767744638121412
2026-04-04,0.02508037453838874,-0.009181653772025926,-0.004530293850197924,0.0010767744638121412
2026-04-05,-0.0020601214342779173,-0.005549890601988334,-0.0007390197103623317,0.0010767744638121412
2026-04-06,0.0438005479631407,-0.0011099259141128736,-4.1750048942965686e-05,0.0010767744638121412
2026-04-07,-0.011604464372052092,-0.0012389008589516056,0.00343843899379482,0.0010767744638121412
2026-04-08,0.009823619113156212,0.001986657756370443,0.0019672890120588206,0.0010767744638121412
2026-04-09,0.016133837999719347,0.0019667013406207377,0.002222320918313397,0.0010767744638121412
2026-04-10,0.001246140208227331,0.0010176116203638207,0.002776803765252676,0.0010767744638121412
2026-04-11,-0.03233557339393833,0.0024286577897333706,0.0024050696392906635,0.0010767744638121412
2026-04-12,0.05099146499520657,0.005160106398248541,-0.00040125166475428204,0.0010767744638121412
2026-04-13,-0.0035389693198730754,0.0023065249198887415,0.0037750146514876487,0.0010767744638121412
2026-04-14,0.008510004244165259,0.0033082584173821086,0.002641382074032527,0.0010767744638121412
2026-04-15,0.004800137220181355,0.0017348476839947273,0.0021654517358942107,0.0010767744638121412
2026-04-16,0.025348401573074497,0.0032537772925226157,0.0028624492206023684,0.0010767744638121412
2026-04-17,-0.017940224035493557,-0.002123581619986636,0.0022064617592093957,0.0010767744638121412
2026-04-18,-0.02556938486986482,0.0014601020650997622,0.0007594942194857764,0.0010767744638121412
2026-04-19,0.027323921719997202,0.0017214976808651223,-0.0015821730324929082,0.0010767744638121412
2026-04-20,0.006241192285489916,-0.0018230839862804417,0.00039267577040354705,0.0010767744638121412
2026-04-21,0.024109402473600383,-0.0017230634639516208,0.0006852802847563566,0.0010767744638121412
2026-04-22,0.0007796673388433817,0.0006851267709066728,0.003349135143653336,0.0010767744638121412
2026-04-23,-0.010312481027280995,-0.0017374891638939026,0.001768195612500332,0.0010767744638121412
2026-04-24,0.002230747838440905,0.00043490752787457435,0.0010274067957439046,0.0010767744638121412
2026-04-25,0.013064888744585446,0.0002746778914994969,0.0012634892647973555,0.0010767744638121412
2026-04-26,-0.016496884475136753,0.00027148738852363443,0.00268750542312374,0.0010767744638121412
2026-04-27,-0.013663547984940294,-0.0019342654715791025,-0.0007596636125222068,0.0010767744638121412
2026-04-28,-0.007601898933298656,-0.0004130339119730469,-0.0014940424576021195,0.0010767744638121412
2026-04-29,0.007431555691253422,0.0013748862558102175,-0.0010060905502039803,0.0010767744638121412
2026-04-30,0.024874779708433437,-0.002343412720067846,-0.0011166188083649967,0.0010767744638121412
2026-05-01,0.0058373115369168005,-0.0022294182608900573,0.002197213079387591,0.0010767744638121412
2026-05-02,-0.0015897749047955045,-0.0030454959134311142,0.0019201387242870648,0.0010767744638121412
2026-05-03,0.016148423306541204,-0.0015826126332864107,0.001717273977376677,0.0010767744638121412
2026-05-04,0.0132997724188062,-0.0007973930289242399,0.003006256239812412,0.0010767744638121412
2026-05-05,0.006577998589758494,-0.0004321181551612131,0.0034690774968414006,0.0010767744638121412
2026-05-06,-0.017713389858247552,-0.0008178996311820088,0.0027498207889783493,0.0010767744638121412
2026-05-07,0.002271933867847409,0.00227120000750372,0.000917349268942164,0.0010767744638121412
2026-05-08,0.005793730151305354,0.004098440773814521,0.002066819853335319,0.0010767744638121412
2026-05-09,0.01876536416701491,0.005276143235553777,0.00323683060199553,0.0010767744638121412
2026-05-10,-0.005575598995999798,0.005146724507893743,0.005252957338307497,0.0010767744638121412
2026-05-11,-0.015349164357065348,0.004268532745475829,0.003632414831024096,0.0010767744638121412
2026-05-12,-0.015109034096306928,0.004007248845677794,0.0012835490432495755,0.0010767744638121412
2026-05-13,0.003035094799457738,0.0034431385547453704,-0.000485056827572929,0.0010767744638121412
