date,actual_return,rf_reg_pred,actual_dir,rf_cls_pred
2023-11-29,-0.003068136135123467,0.002042355955319224,0,1
2023-11-30,0.025293304372819847,0.0019447301398070058,1,1
2023-12-01,0.004561217014837027,0.0025646957626268424,1,0
2023-12-02,0.01718071369636931,0.0029325443771271737,1,0
2023-12-03,0.05310372492862214,0.004772618202866798,1,0
2023-12-04,0.04613212902366648,0.005238383882999987,1,1
2023-12-05,0.005522984575637935,0.005792311225874747,1,1
2023-12-06,-0.013888157223666653,0.005472637003628575,0,1
2023-12-07,0.011655250556440677,0.005101253045924121,1,1
2023-12-08,0.0035748071358323585,0.00532784513371072,1,1
2023-12-09,-0.0037801201819167574,0.005246266825633811,0,1
2023-12-10,-0.06725718678292303,0.005077885481698857,0,1
2023-12-11,0.006906306328234635,0.0010228597553720452,1,1
2023-12-12,0.020627200379362165,0.0012807638717385094,1,1
2023-12-13,0.017577957154912838,0.0016728058839943778,1,1
2023-12-14,-0.018147865984927236,0.001762317173673073,0,1
2023-12-15,0.007996446593571349,0.0006528615271375312,1,1
2023-12-16,-0.007307847627753716,0.0007071975406445243,0,0
2023-12-17,-0.012179545887455845,0.00028629426878436806,0,1
2023-12-18,0.013792334700857722,-0.00035590765976686417,1,1
2023-12-19,0.045492918172428176,0.0001226886066947522,1,1
2023-12-20,-0.013243717123510024,0.0022135951595630456,0,1
2023-12-21,0.00920486610776372,0.001786935867658519,1,1
2023-12-22,-0.003941093798429662,0.0020422089388655944,0,0
2023-12-23,-0.00258265196635854,0.0020747142431273265,0,1
2023-12-24,-0.0055535299700260055,0.002004201856866515,0,1
2023-12-25,-0.03101331713546962,0.002004201856866515,0,1
2023-12-26,0.02519733452940187,0.00012912311392060093,1,1
2023-12-27,-0.016570580800840062,0.0012764792768392836,0,1
2023-12-28,-0.01019463622102812,0.0015168006117920406,0,1
2023-12-29,0.008310198756678489,-1.3189150056453252e-05,1,1
2023-12-30,0.005314408406817961,-0.0004835866281330522,1,0
2023-12-31,0.011217599175758153,0.00022970505547892137,1,0
2024-01-01,0.04644622306577162,0.0004148553954987654,1,0
2024-01-02,-0.06647382928562173,0.0020629290001208896,0,1
2024-01-03,0.042364398393898384,-0.0004764613265060623,1,1
2024-01-04,-0.01067041587881512,0.0006967116573305937,0,1
2024-01-05,0.009240628401196105,0.0002446988603707487,1,1
2024-01-06,0.0024271581287980126,0.0007753005916035886,1,1
2024-01-07,0.06297543736441291,0.0008210133212611365,1,1
2024-01-08,-0.007473557163374167,0.003648779880780309,0,1
2024-01-09,-0.002317448411799816,0.00229289295125693,0,1
2024-01-10,0.0009233313590133463,0.002173373910065308,1,1
2024-01-11,-0.07041656892176285,0.00230475400815989,0,1
2024-01-12,-0.014614377807699697,-0.00045559596618245234,0,0
2024-01-13,0.0020542516211374817,0.00022663520731171054,1,1
2024-01-14,0.00225946684215117,-0.000469037011262398,1,0
2024-01-15,0.0006047636953958602,-0.00013432429818619916,1,1
2024-01-16,-0.010213590709374998,-0.00022692856894059875,0,1
2024-01-17,-0.026856199342841336,-0.00057415549049569,0,1
2024-01-18,0.007716291696599598,-0.0011132023188958106,1,1
2024-01-19,-0.004295508326629616,-0.0011216967402418482,0,0
2024-01-20,0.0020180671849931997,-0.001166708605202591,1,0
2024-01-21,-0.03427735242955343,-0.001161411718795244,0,0
2024-01-22,-0.029822857765783084,-0.0014200735477910486,0,1
2024-01-23,0.017125226657553227,-0.0014786773890796384,1,1
2024-01-24,0.0017090584234367157,-0.0011839571421387806,1,1
2024-01-25,0.056031936266080606,-0.0012548630351114011,1,1
2024-01-26,-0.0076268930377558775,-0.00017198311932134164,0,0
2024-01-27,0.004059028542235055,-0.00017198311932134164,1,0
2024-01-28,0.024828017601203456,0.00018547481495369503,1,0
2024-01-29,0.008102458846328986,0.0006178277249092637,1,0
2024-01-30,0.0029468664847023263,0.0010447828107414806,1,0
2024-01-31,-0.015335378945687594,0.0012175274174881995,0,0
2024-02-01,0.0014695765366568025,0.0007037970545382648,1,0
2024-02-02,0.003652908353529938,0.0008889235138512147,1,0
2024-02-03,-0.006500716067156631,0.0010087106402683753,0,0
2024-02-04,-0.0023637629925481463,0.0009666608096729119,0,0
2024-02-05,0.011601220336908469,0.0008498885440476163,1,0
2024-02-06,0.01034559520624967,0.0009629431483196933,1,0
2024-02-07,0.03730130559457123,0.001794681533758612,1,0
2024-02-08,0.0505311286956065,0.0028433401280308357,1,1
2024-02-09,-0.005832639215167745,0.004861458179249939,0,1
2024-02-10,0.019697860033659254,0.004591152861249834,1,1
2024-02-11,0.029581920410063134,0.004696034808025467,1,1
2024-02-12,-0.012521529824986999,0.004990495936252007,0,1
2024-02-13,0.04670782669751716,0.004602584587672829,1,1
2024-02-14,0.010205156311128505,0.005099329475832902,1,1
2024-02-15,-0.000192315089634576,0.0035801054584501833,0,1
2024-02-16,-0.013847283843574587,0.005338104521365712,0,1
2024-02-17,0.010224859411943399,0.004050861359108077,1,1
2024-02-18,0.002487011952904794,0.00387435390960531,1,1
2024-02-19,-0.008275375918724848,0.003947430217394144,0,1
2024-02-20,-0.012719859660336397,0.004076655204114962,0,1
2024-02-21,0.01647933543682356,0.0017324405300046444,1,1
2024-02-22,-0.011790708028366126,0.003829436849095609,0,1
2024-02-23,0.006535142207436451,0.0013250303931343496,1,1
2024-02-24,0.0026603248856638118,0.0011444305593602269,1,1
2024-02-25,0.039507086269576774,0.0011381336719677945,1,1
2024-02-26,0.06357219614523935,0.005216812725983883,1,1
2024-02-27,0.06735533214485478,0.004556250599754915,1,1
2024-02-28,-0.006118634936601808,-0.0008305753037062467,0,1
2024-02-29,0.02577759531402357,0.00277395145172383,1,1
2024-03-01,-0.004628893796644107,0.0028816768517620772,0,0
2024-03-02,0.012312330821130146,0.003422686398332667,1,0
2024-03-03,0.05916052082701739,0.003865196528736611,1,0
2024-03-04,-0.04057329907653617,-0.012765382779262256,0,0
2024-03-05,0.048297652640881594,-0.02613665686511373,1,0
2024-03-06,0.007635605502729348,-0.0223721569304275,1,0
2024-03-07,0.014749270424571748,-0.021441102421739567,1,0
2024-03-08,-0.004287971099614651,-0.035072899637021995,0,0
2024-03-09,0.01610821737541457,-0.03600668968330552,1,0
2024-03-10,0.03554749433965121,-0.03785361809883841,1,0
2024-03-11,-0.007915314458395883,-0.04113213443547212,0,0
2024-03-12,0.02748820824987419,-0.04281217960352257,1,0
2024-03-13,-0.05784241880362728,-0.04028464833488657,0,0
2024-03-14,-0.005321392067010322,-0.05269076282182963,0,0
2024-03-15,-0.030023888411600197,-0.04618351127041058,0,0
2024-03-16,0.023550997312472788,-0.0323573873310397,1,0
2024-03-17,-0.02326716315934263,-0.015457813686483239,0,0
2024-03-18,-0.0389100817925474,-0.01456669699184607,0,0
2024-03-19,0.021462260048011217,-0.006926359650597455,1,0
2024-03-20,-0.008057667817443104,-0.003345712304853038,0,0
2024-03-21,-0.021387297275390793,-0.004128911719927577,0,0
2024-03-22,0.015686474349662305,-0.0024022710848384376,1,0
2024-03-23,0.014578922579403297,-0.001555202274841643,1,0
2024-03-24,0.07596664529311781,-0.0031090681511187256,1,0
2024-03-25,-0.0225918689647564,0.00024092389481614824,0,0
2024-03-26,-0.01247381277910975,-0.0001574200772492555,0,0
2024-03-27,0.03230297648394931,-0.0007608673612641914,1,0
2024-03-28,-0.01623622498677335,0.00031207864948104444,0,0
2024-03-29,0.003437118498490932,0.0002562031552517629,1,0
2024-03-30,0.01543511988375812,0.0002562031552517629,1,0
2024-03-31,-0.01877182165273794,0.00019418361464352367,0,0
2024-04-01,-0.054732071978390806,0.00018342236921186974,0,0
2024-04-02,-0.002791772159795869,-0.0016015818040196292,0,0
2024-04-03,0.03994157789501607,-0.002041933125253283,1,0
2024-04-04,-0.015833173607825657,-0.0019531871024533924,0,0
2024-04-05,0.01264552377242012,-0.002282550547399531,1,0
2024-04-06,0.011633879277569648,-0.001455982818676496,1,0
2024-04-07,0.037769816061757666,-0.0016168286311820062,1,0
2024-04-08,-0.03889959601970361,0.000280472219109693,0,0
2024-04-09,0.015445099804988871,-0.0015548054305993188,1,0
2024-04-10,0.005890572224883428,-0.00103489402254326,1,0
2024-04-11,-0.052915616576600044,-0.0002748784125099941,0,0
2024-04-12,-0.029909168746142356,-0.0021443086365081367,0,0
2024-04-13,-0.010535219680074093,-0.002368297992410361,0,0
2024-04-14,-0.013437542950013537,-0.003769704046299277,0,0
2024-04-15,-0.009739615711241711,-0.004187207305715328,0,0
2024-04-16,-0.02798006981772616,-0.0037460027345623775,0,0
2024-04-17,0.04095050242563403,-0.00311267303447592,1,0
2024-04-18,0.012291583591307997,-0.0036021843535126922,1,0
2024-04-19,0.008589057328842742,-0.00562097632974857,1,0
2024-04-20,-0.005268496299894565,-0.005444406360639147,0,0
2024-04-21,0.030526590659155417,-0.005069218958834375,1,0
2024-04-22,-0.0010523151903143457,-0.003180225741396173,0,0
2024-04-23,-0.03904685446145706,-0.0029639740120743674,0,0
2024-04-24,0.01195533762023615,-0.0037661760479729624,1,0
2024-04-25,-0.015480522817684417,-0.003359776050536361,0,0
2024-04-26,-0.006282050747191903,-0.0031924039041641965,0,0
2024-04-27,0.0065645233256912405,-0.0031924039041641965,1,0
2024-04-28,-0.012091893057451841,-0.002961877322098433,0,0
2024-04-29,-0.06251830774641576,-0.003917896387226343,0,0
2024-04-30,-0.0389042797071415,-0.00386537339244984,0,1
2024-05-01,0.042599893899812,-0.0040035125156212496,1,1
2024-05-02,0.04500598992292382,-0.003960913336611676,1,0
2024-05-03,0.02896361281190174,-0.004726644580439947,1,0
2024-05-04,-0.000610257031025796,-0.002976812692542074,0,0
2024-05-05,-0.010938014796010975,-0.003078967714713227,0,0
2024-05-06,-0.001995882176892394,-0.003043703642714593,0,0
2024-05-07,-0.014582477043942887,-0.002999674702332599,0,0
2024-05-08,0.004622949579758284,-0.003475588190344922,1,0
2024-05-09,-0.029530776626129907,-0.002888014854262913,0,0
2024-05-10,0.008164517578336472,-0.0033737589371919514,1,0
2024-05-11,0.004440243672508615,-0.0018030127963182946,1,0
2024-05-12,0.02858071359418446,-0.002177143315510419,1,0
2024-05-13,-0.02589675957842985,-0.0018826640416737457,0,0
2024-05-14,0.07115755362591436,-0.004062034787660152,1,0
2024-05-15,-0.014307834416317888,-0.002140102486106048,0,0
2024-05-16,0.02908487494027412,-0.002181447133508164,1,0
2024-05-17,-0.002193719680819939,-0.0025756170433674733,0,0
2024-05-18,-0.013294628392555907,-0.0010699168658681582,0,0
2024-05-19,0.05886688581215438,-0.0007002005963051539,1,0
2024-05-20,-0.011383905713271858,0.00011075729737398774,0,0
2024-05-21,0.004824908721438703,0.0002451020571563383,1,0
2024-05-22,-0.03635753339131931,0.00023026269343238116,0,0
2024-05-23,0.03018903361284231,-0.001528691208289893,1,0
2024-05-24,-0.00031810295236489594,2.886232189263826e-05,0,0
2024-05-25,-0.004071967775995944,-0.00014943978537845098,0,0
2024-05-26,0.00462135478958281,-0.00017099354252492343,1,0
2024-05-27,-0.012200682117780914,-7.354654024050856e-05,0,0
2024-05-28,-0.01689441219624399,-0.00036482792188240117,0,0
2024-05-29,0.021215839150272586,-0.0017976342260668731,1,0
2024-05-30,-0.01562164725391213,-0.0014325200484431046,0,0
2024-05-31,0.00180364029321467,-0.0026862583948184336,1,0
2024-06-01,0.0004577841849062736,-0.0026862583948184336,1,0
2024-06-02,0.021225024252769842,-0.0019188405436608947,1,0
2024-06-03,0.018047928859095563,-0.0012581803582628335,1,0
2024-06-04,0.01182543943472325,0.00021662363037281332,1,0
2024-06-05,-0.011640917948092522,4.290374300612902e-05,0,0
2024-06-06,-0.01762557530000919,1.5332020400947538e-05,0,0
2024-06-07,0.003273655786600216,-0.0015475579769789213,1,0
2024-06-08,0.003535604016501992,-0.0011088049142183778,1,0
2024-06-09,-0.0033340549674178988,-0.000978132611392522,0,0
2024-06-10,-0.03020591882992285,-0.0011726535029552571,0,0
2024-06-11,0.0017935895117684453,-0.0025389206435799828,1,0
2024-06-12,-0.014244298982152515,-0.0026589821657550562,0,0
2024-06-13,-0.016402872816762226,-0.0036216139336537156,0,0
2024-06-14,0.0096501641714557,-0.0036284487202267682,1,0
2024-06-15,0.005730674708985362,-0.004475241483304104,1,0
2024-06-16,0.002133061751230514,-0.004441813205083816,1,0
2024-06-17,-0.03425243268559619,-0.0044229904513160044,0,0
2024-06-18,0.0071022696129947605,-0.004215902198715705,1,0
2024-06-19,0.0020177911270664595,-0.004589527249448325,1,0
2024-06-20,-0.01215269889138959,-0.0050738589591895825,0,0
2024-06-21,0.0010896977945566988,-0.005509688686577045,1,0
2024-06-22,-0.002539278371504139,-0.005470637482904233,0,0
2024-06-23,-0.07851395428371255,-0.005015140626644988,0,0
2024-06-24,0.04478988350913049,-0.0050450439182695315,1,1
2024-06-25,-0.016740400207474693,-0.00562459905118468,0,0
2024-06-26,0.0067526396398847055,-0.004599732744951667,1,0
2024-06-27,-0.023060764619774687,-0.005069654305828398,0,0
2024-06-28,0.0163737450071455,-0.005210843909062596,1,0
2024-06-29,0.015964667500691476,-0.00516125092684582,1,0
2024-06-30,0.019821620828881947,-0.004957171162505711,1,0
2024-07-01,-0.021599111803460858,-0.003284578661811621,0,0
2024-07-02,-0.03622988043546371,-0.004932655583155777,0,0
2024-07-03,-0.023483382574960743,-0.005059177810125537,0,0
2024-07-04,-0.03119613410922817,-0.002451995619073705,0,0
2024-07-05,0.02468526831651907,-0.00408865459164571,1,1
2024-07-06,-0.012555158227121055,-0.003978898707779321,0,0
2024-07-07,-0.011598873357822725,-0.004102174173835792,0,0
2024-07-08,0.023998493119103514,-0.004439432245283581,1,1
2024-07-09,-0.008226071168872195,-0.003978898707779321,0,0
2024-07-10,-0.000191706097712796,-0.0038873020867619,0,0
2024-07-11,0.004052849060801833,-0.0033031778684181634,1,1
2024-07-12,0.01799463659074263,-0.003978898707779321,1,0
2024-07-13,0.02173870334543082,-0.002407039043424875,1,0
2024-07-14,0.05637030478791871,-0.001951539462933656,1,0
2024-07-15,0.027742410488956537,-0.0011173177317113723,1,0
2024-07-16,-0.009678290315918048,-0.0004734532042182452,0,0
2024-07-17,-0.016708956952141918,-0.0013651836484219319,0,0
2024-07-18,0.05695718142195183,-0.0005778532957840891,1,0
2024-07-19,0.0005204964166072301,-0.001658425601251596,1,0
2024-07-20,0.0029542557542345804,-0.0003393752325798089,1,0
2024-07-21,0.011393489155848258,0.00040257214833917435,1,0
2024-07-22,-0.04016087621735487,0.000328791459254498,0,0
2024-07-23,0.0009759222476652951,-0.000127098709190282,1,0
2024-07-24,-0.01456966197691223,-0.00011521794216467092,0,0
2024-07-25,0.05052516053205203,-0.0010015248456765693,1,0
2024-07-26,0.003932680021227597,-0.00016228096496850403,1,0
2024-07-27,-0.0025515455084104133,-0.00021182741841473978,0,0
2024-07-28,-0.012231845591411883,0.00035494884339488833,0,0
2024-07-29,-0.02114986834089727,-0.0002592794521100488,0,0
2024-07-30,-0.00957952320087152,-0.002283205589763249,0,0
2024-07-31,-0.028828415941685392,-0.002937812695322347,0,0
2024-08-01,-0.013308120817395519,-0.0027804413365979876,0,0
2024-08-02,-0.03821020887299831,-0.003563376652769621,0,0
2024-08-03,-0.016175025722761305,-0.002916866443653238,0,0
2024-08-04,-0.10223314300243835,-0.0035946553797825006,0,0
2024-08-05,0.0601020543149513,0.009172875220271584,1,0
2024-08-06,-0.03646937794931482,-0.002089570604864394,0,1
2024-08-07,0.08234093029932943,6.111275029834676e-05,1,1
2024-08-08,0.020573295531338687,-0.0036218212362397854,1,0
2024-08-09,0.005340093694995218,-0.004662389256573286,1,0
2024-08-10,-0.023075269211886962,-0.004572630844562953,0,0
2024-08-11,-0.009774095775577862,-0.005151884606028634,0,0
2024-08-12,0.0300267758512458,-0.004453171443442299,1,0
2024-08-13,-0.03223068953618835,-0.002141040355952917,0,0
2024-08-14,-0.03225195897780253,-0.002330559205621199,0,0
2024-08-15,0.045302660159102004,-0.002423918606690944,1,0
2024-08-16,-0.003725836748360578,-0.0023368513329929848,0,0
2024-08-17,0.004111054442990536,-0.0018671384076575817,1,0
2024-08-18,-0.012536813679433934,-0.001986445777313415,0,0
2024-08-19,0.008425759236443398,-0.0029736814949672826,1,0
2024-08-20,0.035171909495891995,-0.0032645505693474335,1,0
2024-08-21,-0.02116324863548158,-0.001567407960543726,0,0
2024-08-22,0.05465347366871676,-0.002178149058365641,1,0
2024-08-23,0.008488205845450736,-0.0012922641798987482,1,0
2024-08-24,-0.0003580797622007026,-0.0008817272913110639,0,0
2024-08-25,-0.01401870134679406,-7.779086878958827e-05,0,0
2024-08-26,-0.020210441862770878,-0.0009256972091765719,0,0
2024-08-27,-0.05227841122816024,-0.0010159782421563601,0,0
2024-08-28,0.005958645791597661,-0.0019811099498629027,1,0
2024-08-29,-0.009274947161740599,-0.0030613076532852272,0,0
2024-08-30,0.002602949776463248,-0.0023108129477859814,1,0
2024-08-31,-0.006118311758402939,-0.004261098145259501,0,0
2024-09-01,-0.0009064400617226909,-0.003411706514888062,0,0
2024-09-02,-0.007264016829051201,-0.0043612725061047235,0,0
2024-09-03,0.00010340548747578282,-0.00357122711548982,1,0
2024-09-04,-0.035146098767423695,-0.0036149820228920638,0,0
2024-09-05,-0.04637977694841844,-0.0031372688024550468,0,1
2024-09-06,0.017257307395604826,-0.0026369534803891586,1,1
2024-09-07,-0.0013792471498224046,-0.005220544866252282,0,0
2024-09-08,0.04959605068816941,-0.002988935782545753,1,0
2024-09-09,0.015086230818365465,-0.0035157484752720946,1,0
2024-09-10,-0.0056567205286217614,-0.0025935553421820227,0,0
2024-09-11,0.01268720044985372,-0.0027509821287859276,1,0
2024-09-12,0.03641352478036097,-0.0019254067312604462,1,0
2024-09-13,-0.008842347981563137,-0.0014479736868884213,0,0
2024-09-14,-0.014806132392028104,-0.0014292582081751268,0,0
2024-09-15,-0.015646890781658485,-0.0014635815092986898,0,0
2024-09-16,0.035505889452469575,-0.0016787739979052245,1,0
2024-09-17,0.023609920903627568,-0.0014610145639971344,1,0
2024-09-18,0.018974562229082892,0.0007951642926951409,1,0
2024-09-19,0.004296445004408511,0.00012600454948581054,1,0
2024-09-20,0.0024175401859345413,0.00030446890773838046,1,0
2024-09-21,0.0031356632245884697,0.0005714981172594969,1,0
2024-09-22,-0.0037513441634526856,0.0004715860644138492,0,0
2024-09-23,0.014657157799973675,0.0005662017379480916,1,0
2024-09-24,-0.017472011957897493,0.000752499128839908,0,0
2024-09-25,0.03161061808975063,0.0006435657505683179,1,0
2024-09-26,0.009255083014908294,0.0012139511404014335,1,0
2024-09-27,0.0014431441774878095,0.0006816781110246101,1,0
2024-09-28,-0.0041832472756677674,0.0008024344165898594,0,0
2024-09-29,-0.03567401550867366,0.0004182917660341568,0,0
2024-09-30,-0.0402120103036836,-0.00015854229464363635,0,0
2024-10-01,-0.0028491220761885927,-0.0021353314094550834,0,0
2024-10-02,0.001828982458956574,-0.002655265616789636,1,0
2024-10-03,0.02175520968594391,-0.00295524808332404,1,0
2024-10-04,-0.0002899858249474363,-0.002909990080377578,0,0
2024-10-05,0.012027980397570914,-0.002229345142769035,1,0
2024-10-06,-0.00963007138295957,-0.002968756485146706,0,0
2024-10-07,-0.0012706584201893634,-0.0032494126483033083,0,0
2024-10-08,-0.025279429511885,-0.0032884040525634406,0,0
2024-10-09,-0.0050306245426945395,-0.002963969334753072,0,0
2024-10-10,0.035431066971730374,-0.0030836085464367004,1,0
2024-10-11,0.011811098257901165,-0.0016294288433130384,1,0
2024-10-12,-0.005474335926464846,-0.001152009857197263,0,0
2024-10-13,0.04997976203108401,-0.0012683936162714911,1,0
2024-10-14,0.014887866904192748,0.00012284791868244556,1,0
2024-10-15,0.008330720944570658,-0.0001880683818086066,1,0
2024-10-16,-0.0034070573790483394,7.235117281509181e-05,0,0
2024-10-17,0.01513886303794898,8.049323507156064e-05,1,0
2024-10-18,-0.0008919498467481191,0.0001813202609537264,0,0
2024-10-19,0.009492682478340342,0.0006523894977824644,1,0
2024-10-20,-0.024511498448122282,0.0021251127131424233,0,0
2024-10-21,0.0006235062033024263,0.00028443645713407663,1,0
2024-10-22,-0.011658327487596765,0.00028443645713407663,0,0
2024-10-23,0.023064930574172138,-0.00010714495378804396,1,0
2024-10-24,-0.023410330377874544,0.000280472219109693,0,0
2024-10-25,0.006363201863017309,-0.0015166122037561611,1,0
2024-10-26,0.013858130052007311,-0.0008208521205274595,1,0
2024-10-27,0.028727602259223772,0.00020995983284888154,1,0
2024-10-28,0.03941707776835024,-0.0001366590934656558,1,0
2024-10-29,-0.0054873982999996684,0.0015604571009660232,0,0
2024-10-30,-0.029462997288742798,0.002220312581702959,0,0
2024-10-31,-0.010606951672551546,-0.0008078677302627915,0,0
2024-11-01,-0.0023051443718369313,-0.0006649129441448873,0,0
2024-11-02,-0.008575537097094355,-0.001443295425983705,0,0
2024-11-03,-0.013474529420657078,-0.0015785220389461876,0,0
2024-11-04,0.02285747161942986,-0.0018251440212975637,1,0
2024-11-05,0.0862604633929056,-3.8766359864181024e-05,1,0
2024-11-06,0.0037477445256897113,0.0025763683530578303,1,0
2024-11-07,0.008394482735715414,0.0014824804099417043,1,0
2024-11-08,0.0021006903466975757,0.0013440311934706528,1,0
2024-11-09,0.04713657406800387,0.0012403922991569732,1,0
2024-11-10,0.09872368195513737,0.0007434017525091957,1,0
2024-11-11,-0.008359729908217872,0.0017406927138659395,0,0
2024-11-12,0.027892842814674523,-0.015492214810248357,1,0
2024-11-13,-0.03585346969487446,-0.02768118117883169,0,0
2024-11-14,0.0419000432879173,-0.04139401772103412,1,0
2024-11-15,-0.00508593220827791,-0.034520104302261864,0,0
2024-11-16,-0.008278477369366044,-0.04418507300650954,0,0
2024-11-17,0.0072184065987173085,-0.044356130403264554,1,0
2024-11-18,0.020904246579917185,-0.04406618626906369,1,0
2024-11-19,0.02086833011093603,-0.041507787671112385,1,0
2024-11-20,0.042303947182219304,-0.039328956922487786,1,0
2024-11-21,0.005692192171215638,-0.041879940108994124,1,0
2024-11-22,-0.012582234003509996,-0.04332928821763123,0,0
2024-11-23,0.0023699840495226,-0.039366406233969836,1,0
2024-11-24,-0.052063138251496,-0.042518931199752294,0,0
2024-11-25,-0.011970104484273492,-0.046562511814427665,0,0
2024-11-26,0.04311333658314531,-0.04654218054663849,1,0
2024-11-27,-0.0033083066508137193,-0.05499909366070111,0,0
2024-11-28,0.019164755465871153,-0.054349132401290835,1,0
2024-11-29,-0.01104402495288781,-0.05379538688603861,0,0
2024-11-30,0.008775065082534894,-0.05228209599641068,1,0
2024-12-01,-0.014828125685934168,-0.04556653111092476,0,0
2024-12-02,0.0006986990924815473,-0.03306249166460586,1,0
2024-12-03,0.029247227164260536,-0.02016333604595996,1,0
2024-12-04,-0.01752585327086109,-0.022864671239563913,0,0
2024-12-05,0.028851230650955628,-0.014840954212518092,1,0
2024-12-06,0.0003102683846396559,-0.018673554812856055,1,0
2024-12-07,0.012678347945222157,-0.01765552121058799,1,0
2024-12-08,-0.037614162759439296,-0.01822769477348418,0,0
2024-12-09,-0.008448606787244017,-0.002924033244508115,0,0
2024-12-10,0.04603312601020626,-0.0019280373913263219,1,0
2024-12-11,-0.011258683334620656,-0.0005946906374969244,0,0
2024-12-12,0.013568244360444126,-0.0008383322360797678,1,0
2024-12-13,-0.0005226386467249711,-0.0015864267478488652,0,0
2024-12-14,0.029592702095060375,-0.0015903788477109842,1,0
2024-12-15,0.015639273624989514,-0.0002622334800805586,1,0
2024-12-16,0.0010741544422998572,5.8106999284447984e-05,1,0
2024-12-17,-0.0585026740383352,0.0010448387989015215,0,0
2024-12-18,-0.02812951253966922,-0.0019139583566298874,0,0
2024-12-19,0.003945991232372492,-0.001788379186662802,1,0
2024-12-20,-0.005631621635709294,-0.0018366256303270056,0,0
2024-12-21,-0.021975934951591114,-0.003448353723993547,0,0
2024-12-22,-0.0036660948734486,-0.0023642670517213023,0,0
2024-12-23,0.03978884887183298,-0.002457963574084633,1,0
2024-12-24,0.007859817196413488,-0.003179217475636943,1,0
2024-12-25,-0.03780806196944475,-0.0035595966762733237,0,0
2024-12-26,-0.016002026951158044,-0.0023871716611191065,0,0
2024-12-27,0.010258559012566337,0.0007413708351634565,1,0
2024-12-28,-0.016768103905896226,-0.003676820659963524,0,0
2024-12-29,-0.009979404461132546,-0.004213810744175976,0,0
2024-12-30,0.008096426660982203,-0.0041480250963631,1,0
2024-12-31,0.010726048010427647,-0.004234570321270734,1,0
2025-01-01,0.02633780928253593,-0.0031875451166512338,1,0
2025-01-02,0.012571945732048562,-0.0020658751545885486,1,0
2025-01-03,0.0007741594136323471,-0.0019923420537938186,1,0
2025-01-04,0.001200797962498612,-0.002120815438245859,1,0
2025-01-05,0.03941549160514235,-0.0013228949355466998,1,0
2025-01-06,-0.05356002796608372,8.507276638226742e-05,0,0
2025-01-07,-0.019593254295351414,-0.0022502472350571863,0,0
2025-01-08,-0.026898272640465848,-0.002485637279289445,0,0
2025-01-09,0.02307252377211988,-0.0028478277703666466,1,0
2025-01-10,-0.0014159668451281249,-0.0030956592400594634,0,0
2025-01-11,-0.0007510644840404979,-0.0030956592400594634,0,0
2025-01-12,8.465518888378654e-05,-0.004611771770805477,1,0
2025-01-13,0.021128578761997474,-0.00508719048164059,1,0
2025-01-14,0.04049580144131859,-0.0034540128023734466,1,0
2025-01-15,-0.005356968623352998,-0.0018930167179055971,0,0
2025-01-16,0.04061432104463236,-0.0019168821828112537,1,0
2025-01-17,0.0030399678178625322,-4.59047521265059e-05,1,0
2025-01-18,-0.031110140913808593,-0.0004516944385537468,0,0
2025-01-19,0.008889908973653604,-0.001396505757500414,1,0
2025-01-20,0.038489555818486565,-0.0005950224058768049,1,0
2025-01-21,-0.02399760503314674,-9.334965865498064e-05,0,0
2025-01-22,0.002900298325769768,-0.003299993818629599,1,0
2025-01-23,0.008831982616751333,-0.002447867447389182,1,0
2025-01-24,-0.001116449615713222,7.750879534341927e-05,0,0
2025-01-25,-0.020887253557551944,0.00024845251990807766,0,0
2025-01-26,-0.004719963028893659,-0.0007730493719802715,0,0
2025-01-27,-0.007847342391340106,-0.0020938194174903264,0,0
2025-01-28,0.02394780824050713,-0.002952564852847862,1,0
2025-01-29,0.00950675073727858,-0.0009212903961601797,1,0
2025-01-30,-0.02245810052788144,-0.0005894529501757019,0,0
2025-01-31,-0.017473973298814727,-0.0027759948837384417,0,0
2025-02-01,-0.02988427899953905,-0.0027932856117488603,0,0
2025-02-02,0.03798942245747838,-0.002659058780201023,1,0
2025-02-03,-0.03685364588893236,-0.002610889216013234,0,0
2025-02-04,-0.012057759255956313,-0.0030191975523551034,0,0
2025-02-05,-0.0004244592091158239,-0.0042551564726935305,0,0
2025-02-06,-0.0003935621568285086,-0.0038629152150066164,0,0
2025-02-07,-0.0006528260864886448,-0.004225845925217398,0,0
2025-02-08,5.182716677687438e-05,-0.00425022945008029,1,0
2025-02-09,0.010229740761374728,-0.004285157557818168,1,0
2025-02-10,-0.017751976084339205,-0.005444406360639147,0,0
2025-02-11,0.021980268904101763,-0.005513480826036639,1,0
2025-02-12,-0.012904466278859772,-0.003359776050536361,0,0
2025-02-13,0.009199279902670554,-0.005485971030805948,1,0
2025-02-14,0.0007277908793863475,-0.003191707350425615,1,0
2025-02-15,-0.015063029031422204,-0.002961877322098433,0,0
2025-02-16,-0.0037518803391076716,-0.0034662628728733746,0,0
2025-02-17,-0.001672031489318826,-0.0036965857800236313,0,0
2025-02-18,0.010715094144043036,-0.0036965857800236313,1,0
2025-02-19,0.017386925775520368,-0.003359776050536361,1,0
2025-02-20,-0.02268851050865983,-0.002512724767151887,0,0
2025-02-21,0.0045769995264510754,-0.0031614398421969296,1,0
2025-02-22,-0.003215203408661438,-0.0034592007627900485,0,0
2025-02-23,-0.05014467858359417,-0.003589606078863542,0,0
2025-02-24,-0.03306802158250299,-0.005106288978481886,0,1
2025-02-25,-0.05219926062915725,-0.004425848786410676,0,0
2025-02-26,0.006733473369401111,5.617719020969754e-05,1,1
2025-02-27,-0.003764208990123308,-0.00419760628670381,0,1
2025-02-28,0.0200999992764217,-0.005225134401240149,1,1
2025-03-01,0.09146388480574252,-0.004412032822777219,1,1
2025-03-02,-0.08998879553930195,-0.004276464775804195,0,0
2025-03-03,0.012456908485296125,-0.0036199446504751836,1,1
2025-03-04,0.03791267714909807,-0.003820232524528069,1,0
2025-03-05,-0.0076774745773846576,-0.0043085607856089845,0,0
2025-03-06,-0.03576398406176473,-0.003043788828976413,0,0
2025-03-07,-0.006556793905199143,-0.003431742197646083,0,0
2025-03-08,-0.06573966298574696,-0.002748577383955955,0,0
2025-03-09,-0.026962309862998524,-0.005154943480951317,0,1
2025-03-10,0.05338565460567324,-0.005123507580175455,1,1
2025-03-11,0.009021678233311903,-0.004869507948702432,1,0
2025-03-12,-0.03085873791845728,-0.004311462302245614,0,0
2025-03-13,0.03509514748839493,-0.005867835231560152,1,0
2025-03-14,0.004420106767476284,-0.0046654281843623215,1,0
2025-03-15,-0.02147450438203613,-0.004404395377470668,0,0
2025-03-16,0.018042298880981633,-0.004257814066609214,1,0
2025-03-17,-0.01610607270579756,-0.004567624824176617,0,0
2025-03-18,0.04898876104002525,-0.004785504947779818,1,0
2025-03-19,-0.03169374065053532,-0.002462492779570536,0,0
2025-03-20,-0.0011532586776858977,-0.002383582985016938,0,0
2025-03-21,-0.002835292933667688,-0.0023875462901217516,0,0
2025-03-22,0.02661613089822268,-0.0023875462901217516,1,0
2025-03-23,0.016452363082150256,-0.001822965080428112,1,0
2025-03-24,-0.0008688296497325609,-0.0025471282034984664,0,0
2025-03-25,-0.005999478846757,-0.0027257320723498746,0,0
2025-03-26,0.0035145787676320595,-0.002605295394123376,1,0
2025-03-27,-0.03310364161222523,-0.0023821301365446164,0,0
2025-03-28,-0.021212027339112538,-0.003359776050536361,0,0
2025-03-29,-0.0030187878678340496,-0.005558493995333732,0,0
2025-03-30,0.0021710530853731314,-0.004019512327215746,1,0
2025-03-31,0.03139046579815563,-0.0038396701830008626,1,0
2025-04-01,-0.03182672368195405,-0.002961877322098433,0,0
2025-04-02,0.007607170485792736,-0.00539198299998973,1,0
2025-04-03,0.008611708299714138,-0.005772449593426226,1,0
2025-04-04,-0.004110953578136289,-0.005633918467851488,0,0
2025-04-05,-0.063846603024448,-0.005325896044231213,0,0
2025-04-06,0.009970298952234558,-0.004008729453324449,1,0
2025-04-07,-0.03711543273936613,-0.005227081092432304,0,0
2025-04-08,0.08001042214027798,-0.004503850330556579,1,0
2025-04-09,-0.03765139006680762,-0.002658091825532208,0,0
2025-04-10,0.04715868849672589,-0.004645877427926339,1,0
2025-04-11,0.022413157032584508,-0.0032957460461300408,1,0
2025-04-12,-0.018487265074927706,-0.002412236814888574,0,0
2025-04-13,0.010350964398744722,-0.002769844674005416,1,0
2025-04-14,-0.010661601326415138,-0.0027462005178350447,0,0
2025-04-15,0.004292568535332109,-0.002614155885553736,1,0
2025-04-16,0.010745665528547832,-0.0020726215158654677,1,0
2025-04-17,-0.005737169116892815,-0.001970816274103697,0,0
2025-04-18,0.007089927479434266,-0.0018180107770228147,1,0
2025-04-19,0.0015152674879139738,-0.0019792218687172953,1,0
2025-04-20,0.02671797520677721,-0.0018047737972581611,1,0
2025-04-21,0.06606227250071406,-0.0010729999452347475,1,0
2025-04-22,0.0026601016695586566,0.0008206752429600232,1,0
2025-04-23,0.002982850832065509,-0.00014407109804602506,1,0
2025-04-24,0.00758735413364775,0.00011901792296359005,1,0
2025-04-25,-0.0006758612207349302,0.0003087303568673205,0,0
2025-04-26,-0.009478341520299693,0.00015767162468085182,0,0
2025-04-27,0.013474066461430567,0.0009041717302225212,1,0
2025-04-28,-0.007986267265616576,0.00014319628130457374,0,0
2025-04-29,-0.0011036474542507335,-0.00037044440490642755,0,0
2025-04-30,0.024687174163144476,0.0008293555811741016,1,0
2025-05-01,0.004031846669212413,0.000773152740436602,1,0
2025-05-02,-0.01046467512511029,0.002641413602853261,0,0
2025-05-03,-0.016821961923080053,0.0004193531355454128,0,0
2025-05-04,0.004327110395863087,-0.00014728067488140576,1,0
2025-05-05,0.02181365501940391,-0.0002802390937032583,1,0
2025-05-06,0.0024759127097091493,0.00034884074928460116,1,0
2025-05-07,0.06199223906290996,0.0005504064862871088,1,0
2025-05-08,-0.0026181579255641907,0.0021758399610907566,0,0
2025-05-09,0.017498040291121342,0.0022955045359329324,1,0
2025-05-10,-0.006509130946943387,0.0020753543374525444,0,0
2025-05-11,-0.012884073357106729,0.002282458829606829,0,0
2025-05-12,0.012941692532784543,0.0003792019257782426,1,0
2025-05-13,-0.0058170495235785324,0.0018544544194128653,0,0
2025-05-14,0.002527446310809367,-0.0019583587840827825,1,0
2025-05-15,-0.0027689490385487403,-0.0008081924530012366,0,0
2025-05-16,-0.0034162590868689335,-0.0028811357465863695,0,0
2025-05-17,0.03211943799293948,-0.004109042051823632,1,0
2025-05-18,-0.008466078038612324,0.00042068268046311296,0,0
2025-05-19,0.01160609233503429,-0.0026778864754227515,1,0
2025-05-20,0.026112494710712753,-0.001688988464341991,1,0
2025-05-21,0.018616321757827237,-0.001969239716791661,1,0
2025-05-22,-0.04030270832020122,-0.0018228734153496453,0,0
2025-05-23,0.004369498603528754,0.0011480994720661853,1,0
2025-05-24,0.011703158930611579,-0.0007277021963781214,1,0
2025-05-25,0.0036607281793177293,-0.002895360037557062,1,0
2025-05-26,-0.0044678899489980495,-0.004164381286592325,0,0
2025-05-27,-0.01078468506953989,-0.0030793882676383444,0,0
2025-05-28,-0.020929677850988426,-0.0006418460647650399,0,0
2025-05-29,-0.014732247443834723,-0.001905931762810574,0,0
2025-05-30,0.005865456723995521,-0.0026745416900027896,1,0
2025-05-31,0.01006896993250983,-0.0034782936626554556,1,0
2025-06-01,0.0018902703988654679,-0.0038123988797838086,1,0
2025-06-02,-0.004267626971090621,-0.0024159378420670627,0,0
2025-06-03,-0.006746013908761839,-0.002739542049963213,0,0
2025-06-04,-0.03088891457432652,-0.002758909183303513,0,0
2025-06-05,0.027522713000388777,-0.002263634835201885,1,0
2025-06-06,0.011675655937988694,-0.0036327634651061513,1,0
2025-06-07,0.0016366228683999395,-0.002801644840374473,1,0
2025-06-08,0.0417924853291467,-0.0016287946628786565,1,0
2025-06-09,-0.00013599336373282256,8.190931557815754e-05,0,0
2025-06-10,-0.014742012425138284,0.00017544897817091683,0,0
2025-06-11,-0.027491248985594297,0.0001837496757396476,0,0
2025-06-12,0.003653549749930818,-0.0014674644277059379,1,0
2025-06-13,-0.006182020047502235,-0.0012231655285195268,0,0
2025-06-14,0.0014496807083066443,-0.002066929058595266,1,0
2025-06-15,0.011410082083529005,-0.0006814599953116586,1,0
2025-06-16,-0.021238848987945147,-0.001276319267952099,0,0
2025-06-17,0.0032266407000172137,-0.002625558318943536,1,0
2025-06-18,-0.0022327188321931146,-0.0025251744846070856,0,0
2025-06-19,-0.013192245322036555,-0.0034832011900117594,0,0
2025-06-20,-0.01145762211742607,-0.0032609820072821666,0,0
2025-06-21,-0.011065610022415129,-0.0037460027345623775,0,0
2025-06-22,0.04310064179016315,-0.004265560903770794,1,0
2025-06-23,0.006304517680154831,-0.002587663313849133,1,0
2025-06-24,0.012053585661366384,-0.0018149566792778147,1,0
2025-06-25,-0.0038615488564470724,-0.0006333407659691066,0,0
2025-06-26,0.0008967605129601708,-0.0010439079209360472,1,0
2025-06-27,0.0023129160501191848,-0.0009700663798730841,1,0
2025-06-28,0.009604583131539002,-0.0005689698921719766,1,0
2025-06-29,-0.011180142711081587,-0.0007907111575615805,0,0
2025-06-30,-0.013810298031419421,-0.0009022256411822224,0,0
2025-07-01,0.02960224351205376,-0.0013162118730960111,1,0
2025-07-02,0.006982955438553873,-0.00022316047810547773,1,0
2025-07-03,-0.014838498836285297,-0.0003955015476526399,0,0
2025-07-04,0.001914247855349771,-0.0009491675518205588,1,0
2025-07-05,0.009132231597911655,-0.0008977583800962441,1,0
2025-07-06,-0.008698105592950256,-0.00034200388831829963,0,0
2025-07-07,0.0060764155772510264,-0.0016332406699377346,1,0
2025-07-08,0.021250924577378427,-0.001058624960643128,1,0
2025-07-09,0.0417449467609341,-0.00013084116087627433,1,0
2025-07-10,0.013253051307120955,0.0011767108131917408,1,0
2025-07-11,-0.0009785444295413726,4.7216623354545854e-05,0,0
2025-07-12,0.014125400225974971,0.0015732144334695264,1,0
2025-07-13,0.006225596852049264,0.00039556747907052716,1,0
2025-07-14,-0.01775782204802745,0.0004062732056873742,0,0
2025-07-15,0.008025854225348183,-0.0020646887838738693,1,0
2025-07-16,0.004680818486187732,-0.0020126863868852977,1,0
2025-07-17,-0.010560703636443236,-0.0020481276801534946,0,0
2025-07-18,-0.0008985412026181194,-0.000857603707870228,0,0
2025-07-19,-0.0049053253447635115,0.0002042768739984527,0,0
2025-07-20,0.0008348383624543487,-0.0001594432220223353,1,0
2025-07-21,0.02168138566678124,-0.00039226051217930343,1,0
2025-07-22,-0.010032576696373141,0.0005935497450367077,0,0
2025-07-23,-0.00392984145495312,-0.00039226051217930343,0,0
2025-07-24,-0.005881372885470526,-0.001804741339160938,0,0
2025-07-25,0.002622924492525769,-0.0012059160614596575,1,0
2025-07-26,0.012694384788623836,-0.0012659821175642794,1,0
2025-07-27,-0.011940189009420621,-0.0005893455046911477,0,0
2025-07-28,-0.0010594253820617183,-0.0007365158723502871,0,0
2025-07-29,-0.0007804547393099881,-0.0007365158723502871,0,0
2025-07-30,-0.017844161394798164,-0.00021961317407277818,0,0
2025-07-31,-0.02189674066805125,-0.0024229875097570163,0,0
2025-08-01,-0.006387194216756598,-0.0024113845769791493,0,0
2025-08-02,0.015030183980385914,-0.0027853022958254175,1,0
2025-08-03,0.0071965662547786025,-0.003660031560576361,1,0
2025-08-04,-0.00801107328223516,-0.003692422399131389,0,0
2025-08-05,0.007828528873455198,-0.003875251951380464,1,0
2025-08-06,0.021373021102972345,-0.0036711721870403544,1,0
2025-08-07,-0.0071736931750123745,-0.001449233490186592,0,0
2025-08-08,-0.0015439382060833395,-0.0023881799557666484,0,0
2025-08-09,0.023876794257912337,-0.002431068582846069,1,0
2025-08-10,-0.005024756183884094,-0.0004201244511245319,0,0
2025-08-11,0.011682620446320513,-0.0006587924765483206,1,0
2025-08-12,0.026723897664874485,-0.0004017362629825879,1,0
2025-08-13,-0.04108886432484482,-0.0006858507723669609,0,0
2025-08-14,-0.008039392010758206,-0.0012013737295655284,0,0
2025-08-15,0.00011919661495696232,-0.0018029512230963254,1,0
2025-08-16,0.0002553734851069578,-0.0021436214360178027,1,0
2025-08-17,-0.010481155177895829,-0.002443420792385503,0,0
2025-08-18,-0.029635354434049077,-0.0026589821657550562,0,0
2025-08-19,0.012266094891680623,-0.003652924213545864,1,0
2025-08-20,-0.01579850708161068,-0.004475241483304104,0,0
2025-08-21,0.03853757485723719,-0.003665662201590429,1,0
2025-08-22,-0.012906849053990754,-0.004048873411140713,0,0
2025-08-23,-0.016726042046480316,-0.004174366098074303,0,0
2025-08-24,-0.029893019773728824,-0.004286491695105325,0,0
2025-08-25,0.014888254673653734,-0.0044162027990317385,1,1
2025-08-26,-0.004617579183006981,-0.005094465054067847,0,0
2025-08-27,0.011686321317533555,-0.004871432784069657,1,0
2025-08-28,-0.03819548852705523,-0.005109225552265196,0,0
2025-08-29,0.004281991357743209,-0.0045681451651709525,1,0
2025-08-30,-0.005140594288194578,-0.004627515716289198,0,0
2025-08-31,0.008965041447762445,-0.004618431631694594,1,0
2025-09-01,0.018088137500866353,-0.004252022272583895,1,0
2025-09-02,0.004672717103561652,-0.004636679605189083,1,0
2025-09-03,-0.00909644664126752,-0.00341288226338931,0,0
2025-09-04,-0.0007045561587819549,-0.0029526571482960647,0,0
2025-09-05,-0.00403817798808781,-0.0038221206860664103,0,0
2025-09-06,0.008321071471190322,-0.003788981423260006,1,0
2025-09-07,0.008546830859195609,-0.003465807246670937,1,0
2025-09-08,-0.005070909542070012,-0.0023381676486170498,0,0
2025-09-09,0.021790600532360926,-0.002741003815077965,1,0
2025-09-10,0.013463023742962932,-0.002397651088946238,1,0
2025-09-11,0.00496458900633634,0.02430814234646338,1,0
2025-09-12,-0.001094407857983981,-0.002495393093006559,0,0
2025-09-13,-0.005524756512283346,-0.0016680295141375924,0,0
2025-09-14,0.0003900680067996376,-0.001380132714393392,1,0
2025-09-15,0.012488104969715863,-0.0013506814394194596,1,0
2025-09-16,-0.0030859724294014512,-0.0005511180508980659,0,0
2025-09-17,0.005547911936393035,-0.0004212551484837639,1,0
2025-09-18,-0.012223820423654885,-0.0003368129702992452,0,0
2025-09-19,0.0004925235884414292,-0.0011325094213836923,1,0
2025-09-20,-0.004042403070645406,-0.0011988093886589307,0,0
2025-09-21,-0.022374888072342003,-0.001629198080284141,0,0
2025-09-22,-0.006371091908178528,-0.0034782988797570167,0,0
2025-09-23,0.011661267019933419,-0.003605806688288017,1,0
2025-09-24,-0.03884280346919766,-0.003104386416941648,0,0
2025-09-25,0.006172379312317844,-0.0037086636891135952,1,0
2025-09-26,-0.00015498575529626635,-0.004148156333360009,0,0
2025-09-27,0.02275181291909334,-0.004642196865353244,1,0
2025-09-28,0.01920776496269383,-0.0056600275334213815,1,0
2025-09-29,-0.0027490343169134235,-0.003325781712641572,0,0
2025-09-30,0.0395612167310162,-0.0034675911013788245,1,0
2025-10-01,0.016249103754748973,-0.00037672658845154023,1,0
2025-10-02,0.013963671642244435,0.0003433415604728742,1,0
2025-10-03,0.001086827836612514,-0.00023813064115668997,1,0
2025-10-04,0.008765709079312956,5.611552516594566e-05,1,0
2025-10-05,0.009740375985478167,0.0007785927433593384,1,0
2025-10-06,-0.02708567475847623,0.0003235098504395254,0,0
2025-10-07,0.015935615475195064,-0.0021465298912132615,1,0
2025-10-08,-0.013467392575831738,2.6290306396048336e-06,0,0
2025-10-09,-0.07416549465941813,-2.8729945436294342e-05,0,0
2025-10-10,-0.019950608084435828,-0.001655361739975776,0,0
2025-10-11,0.03831261920911544,-0.002203110788630726,1,0
2025-10-12,0.0015193942711597686,-0.0032954905944383465,1,0
2025-10-13,-0.019155979176140647,-0.0032954905944383465,0,0
2025-10-14,-0.020314971330829934,-0.0024109314743752087,0,0
2025-10-15,-0.023726057004596512,-0.0007027617070969381,0,0
2025-10-16,-0.01611721009879119,-0.021285515893676193,0,0
2025-10-17,0.006963190758190407,-0.0029099242218196507,1,0
2025-10-18,0.013561790781420058,-0.023059551242861923,1,0
2025-10-19,0.017294651728976262,-0.0016116446366111598,1,0
2025-10-20,-0.020169487853126,-0.003993888747981806,0,0
2025-10-21,-0.007195574810154426,-0.0041513155345857125,0,0
2025-10-22,0.023114769665017576,-0.004109468106055101,1,0
2025-10-23,0.008392543042729628,-0.005237026452200561,1,0
2025-10-24,0.005648692429925717,-0.003057367127981791,1,0
2025-10-25,0.025489955289529576,-0.0023875462901217516,1,0
2025-10-26,-0.003936117602192368,-0.0027983391413696425,0,0
2025-10-27,-0.010360139530849466,-0.002210292625564117,0,0
2025-10-28,-0.02589812085848031,-0.002509443410533756,0,0
2025-10-29,-0.015865206547807986,-0.0032523210729019374,0,0
2025-10-30,0.011457024248270997,-0.003947995555504617,1,0
2025-10-31,0.004489968882039008,-0.003396483668504307,1,0
2025-11-01,0.004379430058174094,-0.003359776050536361,1,0
2025-11-02,-0.03669138948467321,-0.003359776050536361,0,0
2025-11-03,-0.0488718208425869,-0.005075972385269384,0,0
2025-11-04,0.023368211991044774,-0.00396079629917456,1,0
2025-11-05,-0.02516352689989354,-0.004142851371930903,0,0
2025-11-06,0.01946688119607387,-0.0006062881621608996,1,1
2025-11-07,-0.00962252208530856,-0.003846037810343716,0,0
2025-11-08,0.02337406103059614,-0.004161604014018999,1,0
2025-11-09,0.012028036046549673,-0.0046733872231570295,1,0
2025-11-10,-0.02830029958024305,-0.004636679605189083,0,0
2025-11-11,-0.013486644683498028,-0.00451015777645108,0,0
2025-11-12,-0.020045092857220226,-0.004017131163191699,0,0
2025-11-13,-0.052647803093629264,-0.004784942502893103,0,1
2025-11-14,0.010839473026782898,-0.005265695880556889,1,1
2025-11-15,-0.014252373274286967,-0.004611473361264306,0,1
2025-11-16,-0.022385509260486103,-0.0054010184657528925,0,1
2025-11-17,0.008745387147293116,-0.007103143467027111,1,1
2025-11-18,-0.015587266802482347,-0.0033992301928921927,0,1
2025-11-19,-0.055598274935896086,-0.00042930753314124445,0,1
2025-11-20,-0.017099614135512198,-0.01852633412005639,0,1
2025-11-21,-0.0044892527924620396,0.026903274646886702,0,1
2025-11-22,0.02477354624800121,0.02837890562299664,1,1
2025-11-23,0.016838414748024277,0.04778430319165488,1,1
2025-11-24,-0.010774100850236223,0.04236751312753122,0,0
2025-11-25,0.03539017758068752,0.044233710992236705,1,0
2025-11-26,0.009328897921843549,0.041452099976775486,1,0
2025-11-27,-0.004521567422052897,-0.0029821876185321837,0,0
2025-11-28,-0.000891358830921618,-0.003639571839205098,0,0
2025-11-29,-0.004966513900519942,-0.003233930434384915,0,0
2025-11-30,-0.04631982724641581,-0.002799360505992338,0,0
2025-12-01,0.05642548231948652,-0.0035066295628003747,1,0
2025-12-02,0.0235111386044089,-0.0029291739721335496,1,0
2025-12-03,-0.014754410184664835,-0.0027129306919260153,0,0
2025-12-04,-0.030368658549354777,-0.0023042639196095395,0,0
2025-12-05,-0.0011086413561258723,-0.0019743385718146,0,0
2025-12-06,0.01286935948793122,-0.002872120554597773,1,0
2025-12-07,0.0026953300972945016,-0.002618593620628608,1,0
2025-12-08,0.02231962798414422,-0.0026173763184489324,1,0
2025-12-09,-0.007134728827269399,-0.0021666169452544837,0,0
2025-12-10,0.005363918650992616,-0.0027485539955164453,1,0
2025-12-11,-0.02468315634475715,-0.0026927026219864592,0,0
2025-12-12,-0.0001218573273771284,-0.0031277071903815863,0,0
2025-12-13,-0.02353999341000268,-0.004548335153723228,0,0
2025-12-14,-0.020072161371411212,-0.005420519286844566,0,0
2025-12-15,0.01642457512875417,-0.0045713141064367465,1,0
2025-12-16,-0.018706953731388865,-0.003449980588987682,0,0
2025-12-17,-0.008795746236216928,-0.0052166045967294425,0,0
2025-12-18,0.03036734742671321,-0.005125007975712022,1,0
2025-12-19,0.002596093715711234,-0.005042144510597708,1,0
2025-12-20,0.0035262242686560086,-0.004677989759682863,1,0
2025-12-21,-0.001094962716992498,-0.005124543308877873,0,0
2025-12-22,-0.012684726973704485,-0.0039050356817531984,0,0
2025-12-23,0.002079668002789248,-0.005136735347495886,1,0
2025-12-24,-0.004954895505486334,-0.003688597588923558,0,0
2025-12-25,0.0014214643473771105,-0.0034160052726349226,1,0
2025-12-26,0.005870746590961318,-0.0035120276198141375,1,0
2025-12-27,0.0006830601358487343,-0.0028140267798568864,1,0
2025-12-28,-0.00858344936949429,-0.0029949772252344277,0,0
2025-12-29,0.014483840934598646,-0.0035120276198141375,1,0
2025-12-30,-0.01016576303993233,-0.002798745361827634,0,0
2025-12-31,0.013982432269516565,-0.0036754456066219843,1,0
2026-01-01,0.013700684421680265,-0.002769844674005416,1,0
2026-01-02,0.0070676369570747966,-0.0021954772861256695,1,0
2026-01-03,0.010006069502308534,-0.0019019616096822847,1,0
2026-01-04,0.025624861307440128,-0.002108201608251173,1,0
2026-01-05,-0.0017485131435179824,-0.001774209741310057,0,0
2026-01-06,-0.026371233850777998,-0.0008046334298658746,0,0
2026-01-07,-0.0026549076503581404,-0.0016422706720376117,0,0
2026-01-08,-0.0057397660072116,-0.0017022527329036696,0,0
2026-01-09,-0.0014152093112276276,-0.0022078015640604777,0,0
2026-01-10,0.00540679040126868,-0.002236742481254664,1,0
2026-01-11,0.0035481480868408966,-0.0018408668975898178,1,0
2026-01-12,0.04472204978481997,-0.0018408668975898178,1,0
2026-01-13,0.016390740721968555,8.327043408099217e-05,1,0
2026-01-14,-0.01418065618485187,0.0027310888001092883,0,0
2026-01-15,-0.000586086736680258,2.285161003849118e-05,0,0
2026-01-16,-0.004280460179813872,-0.00025340382356187936,0,0
2026-01-17,-0.01565073349877899,-0.0003170695829307582,0,0
2026-01-18,-0.011557842037202448,-0.00025561559556774047,0,0
2026-01-19,-0.04693579123732583,-0.0016849128456943327,0,0
2026-01-20,0.011908520492291075,-0.0029448899891092862,1,0
2026-01-21,0.001006497585500199,-0.0026189781647714466,1,0
2026-01-22,0.00032410020567930076,-0.00287369098259284,1,0
2026-01-23,-0.004524539866343602,-0.0033185522869909616,0,0
2026-01-24,-0.0287171894752003,-0.0034440324238506235,0,0
2026-01-25,0.01922102031128503,-0.002647700248596325,1,0
2026-01-26,0.010012373502517491,-0.004148156333360009,1,0
2026-01-27,0.00037015642335447296,-0.00491164212844569,1,0
2026-01-28,-0.05341572988634269,-0.005779133949669493,0,0
2026-01-29,-0.004743279378114806,-0.0044706210937863105,0,0
2026-01-30,-0.06754632862003263,-0.00532791225945817,0,0
2026-01-31,-0.022467075421706895,-0.0043489706262185065,0,0
2026-02-01,0.022861224224337562,-0.0008163294472854482,1,0
2026-02-02,-0.038934988842758145,-0.0047033586147620385,0,1
2026-02-03,-0.03581661175417139,0.0007246286711039174,0,1
2026-02-04,-0.15058398867830114,1.1787728645174114e-05,0,1
2026-02-05,0.11617687701330226,-0.021023775421738226,1,1
2026-02-06,-0.018386947817068844,0.023532437630684144,0,0
2026-02-07,0.014864567138802798,0.025391100672885015,1,1
2026-02-08,-0.002692750439198477,0.05022066138099092,0,1
2026-02-09,-0.01860438408170495,0.05062642943655495,0,1
2026-02-10,-0.025749462828153824,0.04365500590311453,0,1
2026-02-11,-0.012697153921935822,0.043641755053939475,0,1
2026-02-12,0.0385919508006598,0.04722065541556602,1,1
2026-02-13,0.014126913291999443,0.04202091006448036,1,0
2026-02-14,-0.014417602518197015,0.04204121657185862,0,0
2026-02-15,0.0010896491681737785,-0.0015254068570733491,1,0
2026-02-16,-0.020523696880999864,-0.0043184626265111185,0,0
2026-02-17,-0.015579919749891147,-0.0037661125273036585,0,0
2026-02-18,0.0082160614501543,-0.004607545940285876,1,0
2026-02-19,0.015100498100293791,-0.004583623471256948,1,0
2026-02-20,-0.0003824710619007021,-0.003818371966937461,0,0
2026-02-21,-0.005222098046493429,-0.0028837033884381758,0,0
2026-02-22,-0.045106782813126856,-0.003145150717418251,0,0
2026-02-23,-0.008874165580918358,-0.005739433795391824,0,1
2026-02-24,0.05961493229514048,-0.005375405292578901,1,1
2026-02-25,-0.0074696616926637205,-0.003788147074939024,0,0
2026-02-26,-0.024297064940610014,-0.004579319073152885,0,0
2026-02-27,0.016815974373196596,-0.0051181916487739905,1,0
2026-02-28,-0.018289702030745758,-0.0017603153283562007,0,0
2026-03-01,0.04532991922525298,-0.0029053391165429275,1,0
2026-03-02,-0.007072216824346,-0.0018550296621351902,0,0
2026-03-03,0.06178086635329372,-0.0019235909588958347,1,0
2026-03-04,-0.02500356599527187,-0.0010752547346741014,0,0
2026-03-05,-0.04003124240097655,-0.002883033534357039,0,0
2026-03-06,-0.012483265596653581,-0.003371292562430363,0,0
2026-03-07,-0.019423624070114442,-0.0035120276198141375,0,0
2026-03-08,0.03687149599606343,-0.004141107048066644,1,0
2026-03-09,0.021819152492213334,-0.0027083654733054503,1,0
2026-03-10,0.0033247984736952674,-0.002704093203825181,1,0
2026-03-11,0.004732643404397052,-0.002419943645077475,1,0
2026-03-12,0.005937336318266873,-0.0023559489729464045,1,0
2026-03-13,0.00378428638186179,-0.0026566108531341937,1,0
2026-03-14,0.02239609328519343,-0.0031168123926901543,1,0
2026-03-15,0.027691723198003615,-0.0016488234184482806,1,0
2026-03-16,-0.012741765353343482,-0.00017177112244804623,0,0
2026-03-17,-0.036770519624672815,-0.0008371753072564029,0,0
2026-03-18,-0.01895509365656345,-0.0018770891288965807,0,0
2026-03-19,0.008275044905659001,-0.0022192831730899194,1,0
2026-03-20,-0.022839772841045658,-0.0022502472350571863,0,0
2026-03-21,-0.015354546013032433,-0.0031874935906486368,0,0
2026-03-22,0.043583871101494864,-0.004591504543995483,1,0
2026-03-23,-0.005148453402814113,-0.002590787015427769,0,0
2026-03-24,0.011028175512574734,-0.002820648121093422,1,0
2026-03-25,-0.036011886779119706,-0.0029715415096486586,0,0
2026-03-26,-0.03581906989838579,-0.004796464721607765,0,0
2026-03-27,-0.0005728067687531535,-0.004083125105293334,0,0
2026-03-28,-0.005549059787918864,-0.005029379863430009,0,0
2026-03-29,0.011712083233591741,-0.004833409312852139,1,0
2026-03-30,0.02199486944808271,-0.005470637482904233,1,0
2026-03-31,-0.0016579007149939429,-0.0038639579263957946,0,0
2026-04-01,-0.017957102169525285,-0.003359776050536361,0,0
2026-04-02,0.0008069698720856167,-0.005605077447054063,1,0
2026-04-03,0.00515518819782379,-0.005605077447054063,1,0
2026-04-04,0.02508037453838874,-0.005772449593426226,1,0
2026-04-05,-0.0020601214342779173,-0.0029639740120743674,0,0
2026-04-06,0.0438005479631407,-0.002961877322098433,1,0
2026-04-07,-0.011604464372052092,-0.0021290677067093253,0,0
2026-04-08,0.009823619113156212,-0.0019628757596811394,1,0
2026-04-09,0.016133837999719347,-0.0010446056977740713,1,0
2026-04-10,0.001246140208227331,-0.0013302737851457957,1,0
2026-04-11,-0.03233557339393833,-0.0005120627146371005,0,0
2026-04-12,0.05099146499520657,-0.0013210434375349094,1,0
2026-04-13,-0.0035389693198730754,0.0004085087791824082,0,0
2026-04-14,0.008510004244165259,2.1981257267363807e-05,1,0
2026-04-15,0.004800137220181355,0.0001710387324829361,1,0
2026-04-16,0.025348401573074497,-6.166186856644397e-05,1,0
2026-04-17,-0.017940224035493557,8.049323507156064e-05,0,0
2026-04-18,-0.02556938486986482,0.00022058786839719701,0,0
2026-04-19,0.027323921719997202,-0.001133156403132282,1,0
2026-04-20,0.006241192285489916,7.84989611953394e-05,1,0
2026-04-21,0.024109402473600383,-0.000124656446300468,1,0
2026-04-22,0.0007796673388433817,0.0008317637621799369,1,0
2026-04-23,-0.010312481027280995,0.00041802617727817906,0,0
2026-04-24,0.002230747838440905,0.00013061662490660808,1,0
2026-04-25,0.013064888744585446,0.00021198297762196135,1,0
2026-04-26,-0.016496884475136753,0.00036051002739710214,0,0
2026-04-27,-0.013663547984940294,-0.00018767652390464908,0,0
2026-04-28,-0.007601898933298656,-0.001168277444075236,0,0
2026-04-29,0.007431555691253422,-0.0016210642569574531,1,0
2026-04-30,0.024874779708433437,-0.0015067036426563043,1,0
2026-05-01,0.0058373115369168005,0.00020995983284888154,1,0
2026-05-02,-0.0015897749047955045,0.000280472219109693,0,0
2026-05-03,0.016148423306541204,0.00024334298684985256,1,0
2026-05-04,0.0132997724188062,0.00029252424104912717,1,0
2026-05-05,0.006577998589758494,0.0003400099276031391,1,0
2026-05-06,-0.017713389858247552,0.0005603792886754664,0,0
2026-05-07,0.002271933867847409,-0.0001574200772492555,1,0
2026-05-08,0.005793730151305354,-9.717553479280794e-05,1,0
2026-05-09,0.01876536416701491,-7.226025420400288e-06,1,0
2026-05-10,-0.005575598995999798,0.0002562612837270437,0,0
2026-05-11,-0.015349164357065348,0.0004149756286907648,0,0
2026-05-12,-0.015109034096306928,-0.00017551397676371957,0,0
2026-05-13,0.003035094799457738,-0.0012231655285195268,1,0
